Credit_History,Family_Credit_History,Risk_Rating,Age,Customer_Relationship_Years,Past_Transactions,Market_Trends,Loan_Eligible,Loan_Interest_Rate,Max_Loan_Amount
736,395,13,24,26,Negative,Unfavorable,Yes,9.5,1006291
789,789,13,50,22,Negative,Favorable,Yes,10.44,637501
426,598,45,69,26,Positive,Favorable,No,0.0,0
536,679,43,75,30,Positive,Unfavorable,No,0.5,0
775,469,23,24,0,Positive,Unfavorable,Yes,7.63,836178
525,673,20,37,24,Negative,Neutral,Yes,17.97,854165
744,336,33,53,0,Negative,Neutral,No,1.5,0
622,337,3,41,8,Positive,Favorable,Yes,10.05,581887
694,690,47,28,10,Negative,Favorable,No,1.0,0
334,309,22,21,8,Negative,Unfavorable,No,4.0,0
792,764,40,68,4,Positive,Favorable,No,0.0,0
688,319,47,55,6,Positive,Neutral,No,0.0,0
548,585,45,68,12,Negative,Unfavorable,No,2.0,0
473,474,23,43,3,Positive,Neutral,No,2.0,0
308,575,0,53,9,Positive,Favorable,No,0.0,0
305,499,45,72,15,Negative,Neutral,No,1.5,0
334,599,1,35,29,Negative,Unfavorable,No,2.0,0
525,669,18,64,26,Positive,Unfavorable,No,0.5,0
591,430,0,38,12,Positive,Favorable,No,0.0,0
318,790,18,24,20,Negative,Neutral,Yes,14.08,37296
760,598,38,69,8,Negative,Neutral,No,1.5,0
702,560,16,46,2,Positive,Neutral,Yes,7.96,457623
651,720,49,55,23,Positive,Unfavorable,No,0.5,0
836,531,27,29,8,Positive,Neutral,Yes,9.16,817456
414,848,12,53,20,Negative,Unfavorable,Yes,13.11,1032
729,587,16,56,28,Negative,Unfavorable,Yes,13.78,678211
534,390,24,24,25,Positive,Neutral,No,2.0,0
654,583,3,52,29,Negative,Neutral,Yes,15.6,367235
334,464,12,34,20,Negative,Neutral,No,3.5,0
663,412,0,38,6,Negative,Neutral,Yes,10.48,664897
488,824,26,29,26,Negative,Favorable,Yes,12.41,216858
782,799,17,53,7,Negative,Neutral,Yes,8.98,170010
643,850,47,63,16,Positive,Unfavorable,No,0.5,0
414,610,26,48,9,Positive,Unfavorable,Yes,17.19,986934
384,693,31,42,7,Positive,Neutral,No,0.0,0
315,544,46,44,19,Negative,Unfavorable,No,2.0,0
743,659,38,35,11,Positive,Unfavorable,No,0.5,0
618,729,41,52,28,Positive,Unfavorable,No,0.5,0
311,705,28,40,7,Negative,Favorable,Yes,14.66,64795
601,703,7,65,19,Positive,Neutral,No,0.0,0
554,305,23,57,19,Negative,Neutral,No,3.5,0
603,586,43,69,12,Positive,Unfavorable,No,0.5,0
375,593,28,38,19,Positive,Unfavorable,No,2.5,0
418,706,45,22,29,Negative,Unfavorable,No,2.0,0
705,679,45,38,2,Negative,Favorable,No,1.0,0
451,576,45,21,1,Negative,Favorable,No,1.0,0
644,850,3,31,17,Positive,Favorable,Yes,10.25,96096
635,439,30,75,17,Positive,Unfavorable,No,0.5,0
312,583,24,34,18,Negative,Neutral,No,3.5,0
704,757,45,29,6,Negative,Unfavorable,No,2.0,0
687,748,21,33,10,Negative,Favorable,Yes,10.29,785672
387,355,43,22,8,Positive,Neutral,No,0.0,0
786,826,21,66,26,Negative,Favorable,No,1.0,0
376,493,6,64,7,Negative,Neutral,No,1.5,0
702,737,19,19,23,Positive,Favorable,No,0.0,0
750,776,50,73,28,Negative,Unfavorable,No,2.0,0
672,652,50,36,12,Positive,Favorable,No,0.0,0
781,429,32,22,5,Negative,Favorable,No,1.0,0
551,641,14,71,19,Negative,Favorable,No,1.0,0
434,791,50,71,1,Negative,Neutral,No,1.5,0
833,812,7,21,2,Positive,Favorable,Yes,10.19,957766
491,388,8,74,19,Positive,Neutral,No,0.0,0
356,536,39,64,22,Positive,Neutral,No,0.0,0
769,394,39,59,2,Negative,Neutral,No,1.5,0
786,666,6,38,29,Negative,Favorable,Yes,12.99,627113
418,361,6,39,29,Negative,Favorable,No,1.0,0
649,714,42,45,7,Positive,Unfavorable,No,0.5,0
825,658,11,41,2,Positive,Neutral,Yes,11.17,923792
434,300,0,23,4,Negative,Unfavorable,No,2.0,0
716,357,23,63,18,Positive,Favorable,No,0.0,0
623,482,11,27,22,Negative,Unfavorable,Yes,14.9,755449
722,707,20,31,29,Positive,Favorable,Yes,13.04,994233
816,387,12,20,25,Negative,Favorable,No,1.0,0
367,610,15,33,29,Positive,Favorable,Yes,10.03,880418
443,807,45,64,7,Positive,Unfavorable,No,0.5,0
525,405,18,61,21,Positive,Favorable,No,0.0,0
379,592,1,46,26,Negative,Unfavorable,No,2.0,0
332,705,27,46,30,Positive,Favorable,Yes,9.51,504104
333,330,2,74,13,Positive,Neutral,No,0.0,0
732,766,39,51,22,Negative,Neutral,No,1.5,0
820,707,24,35,19,Positive,Neutral,Yes,14.75,980815
383,698,12,54,19,Negative,Neutral,Yes,17.62,148271
846,720,49,55,28,Negative,Unfavorable,No,2.0,0
396,645,23,58,9,Positive,Unfavorable,Yes,13.44,81325
836,598,7,61,23,Negative,Favorable,No,1.0,0
777,570,13,31,29,Positive,Unfavorable,Yes,12.48,225024
303,680,4,47,4,Negative,Neutral,Yes,9.6,699276
636,463,34,41,11,Negative,Unfavorable,No,2.0,0
460,483,20,67,23,Negative,Unfavorable,No,2.0,0
777,648,37,18,19,Positive,Favorable,No,0.0,0
415,386,33,35,20,Negative,Favorable,No,1.0,0
671,724,8,30,9,Positive,Favorable,Yes,10.61,774196
691,809,20,24,29,Positive,Favorable,Yes,12.8,500681
527,809,0,66,11,Negative,Favorable,No,1.0,0
847,417,25,71,4,Negative,Neutral,No,1.5,0
806,850,26,61,4,Negative,Unfavorable,No,2.0,0
793,626,22,33,21,Negative,Favorable,Yes,12.71,901727
330,820,0,36,3,Positive,Neutral,Yes,7.61,869053
693,726,39,68,21,Positive,Unfavorable,No,0.5,0
323,572,32,23,3,Positive,Favorable,No,0.0,0
437,724,20,39,21,Negative,Neutral,Yes,11.88,168921
478,768,10,34,10,Negative,Favorable,Yes,16.58,754961
607,372,2,34,0,Positive,Favorable,Yes,12.33,641531
549,757,46,24,11,Negative,Unfavorable,No,2.0,0
845,809,15,26,2,Negative,Favorable,Yes,13.06,556766
435,533,9,32,17,Positive,Unfavorable,No,0.5,0
401,323,49,70,30,Positive,Unfavorable,No,0.5,0
371,740,7,18,11,Negative,Neutral,No,1.5,0
612,344,21,23,23,Positive,Unfavorable,Yes,14.38,814953
502,425,26,48,15,Positive,Neutral,No,2.0,0
545,766,8,50,18,Positive,Unfavorable,Yes,13.69,328303
642,794,40,61,18,Negative,Favorable,No,1.0,0
398,772,19,33,3,Positive,Unfavorable,Yes,11.81,137679
517,758,16,43,26,Negative,Favorable,Yes,14.92,923615
487,474,38,75,27,Negative,Neutral,No,1.5,0
627,606,12,40,26,Negative,Unfavorable,Yes,16.69,582631
840,575,5,24,7,Negative,Neutral,Yes,8.23,642280
361,523,18,21,30,Negative,Favorable,No,3.0,0
510,590,47,18,11,Negative,Neutral,No,1.5,0
605,512,30,53,6,Positive,Neutral,No,0.0,0
578,396,45,37,12,Positive,Neutral,No,0.0,0
816,537,18,23,15,Negative,Unfavorable,Yes,13.6,520796
467,350,5,36,18,Negative,Neutral,No,1.5,0
663,638,43,28,0,Negative,Unfavorable,No,2.0,0
719,369,45,74,20,Negative,Unfavorable,No,2.0,0
772,627,12,40,10,Negative,Favorable,Yes,11.81,270245
713,598,4,73,11,Negative,Neutral,No,1.5,0
464,553,13,48,24,Positive,Favorable,No,1.5,0
335,749,26,40,16,Negative,Favorable,Yes,15.11,866898
337,522,47,71,27,Negative,Favorable,No,1.0,0
315,332,7,22,21,Positive,Unfavorable,No,0.5,0
581,411,31,44,3,Negative,Neutral,No,1.5,0
643,665,14,23,30,Positive,Neutral,Yes,9.55,179716
438,536,2,30,20,Negative,Unfavorable,No,2.0,0
327,496,5,24,28,Negative,Unfavorable,No,2.0,0
316,606,28,71,3,Positive,Favorable,No,0.0,0
529,352,27,49,16,Negative,Unfavorable,No,4.0,0
639,561,43,58,26,Positive,Favorable,No,0.0,0
589,689,37,33,9,Negative,Neutral,No,1.5,0
501,722,32,73,22,Positive,Neutral,No,0.0,0
403,669,49,65,18,Negative,Favorable,No,1.0,0
848,670,12,24,29,Positive,Neutral,Yes,11.66,502267
322,470,7,62,23,Positive,Unfavorable,No,0.5,0
783,650,46,20,4,Negative,Favorable,No,1.0,0
502,456,38,49,21,Negative,Unfavorable,No,2.0,0
612,688,38,63,17,Negative,Neutral,No,1.5,0
667,748,23,25,29,Positive,Neutral,Yes,15.3,631174
302,508,3,45,13,Negative,Unfavorable,No,2.0,0
704,674,23,61,30,Negative,Favorable,No,1.0,0
738,500,50,57,15,Negative,Unfavorable,No,2.0,0
510,505,46,38,1,Positive,Unfavorable,No,0.5,0
426,588,20,74,19,Positive,Neutral,No,0.0,0
616,659,2,19,12,Negative,Favorable,No,1.0,0
748,740,42,51,10,Negative,Neutral,No,1.5,0
819,431,22,34,2,Negative,Unfavorable,Yes,16.12,259531
300,490,19,62,29,Negative,Unfavorable,No,2.0,0
449,733,33,29,23,Negative,Neutral,No,1.5,0
744,370,14,66,11,Negative,Unfavorable,No,2.0,0
300,429,32,58,17,Positive,Unfavorable,No,0.5,0
440,633,13,54,16,Positive,Favorable,Yes,10.28,663025
835,357,27,50,27,Negative,Neutral,Yes,9.12,360261
349,606,9,18,24,Negative,Neutral,No,1.5,0
499,569,26,64,27,Negative,Favorable,No,1.0,0
432,378,25,19,24,Positive,Neutral,No,0.0,0
356,600,8,52,17,Negative,Unfavorable,Yes,12.41,37686
796,404,30,59,28,Positive,Neutral,No,0.0,0
573,716,7,45,19,Positive,Favorable,Yes,6.62,999517
644,734,23,27,30,Negative,Neutral,Yes,11.65,497187
629,351,19,46,25,Negative,Favorable,Yes,11.28,385708
825,849,7,38,1,Positive,Favorable,Yes,6.25,413208
493,300,8,59,8,Negative,Favorable,No,1.0,0
744,426,22,33,24,Positive,Favorable,Yes,9.86,1096143
627,598,46,51,30,Negative,Unfavorable,No,2.0,0
362,388,3,60,11,Positive,Favorable,No,0.0,0
506,540,7,31,29,Negative,Neutral,No,1.5,0
504,644,20,42,7,Negative,Unfavorable,Yes,11.02,177482
713,796,39,54,7,Negative,Unfavorable,No,2.0,0
842,387,30,32,3,Negative,Neutral,No,1.5,0
476,672,43,43,20,Positive,Neutral,No,0.0,0
414,353,23,40,2,Negative,Favorable,No,3.0,0
594,660,48,57,14,Positive,Neutral,No,0.0,0
433,792,45,27,14,Positive,Neutral,No,0.0,0
633,428,38,29,30,Positive,Neutral,No,0.0,0
501,354,34,65,1,Negative,Unfavorable,No,2.0,0
555,363,15,49,13,Positive,Favorable,No,1.5,0
738,493,8,36,8,Positive,Unfavorable,Yes,7.83,586602
466,634,17,22,27,Positive,Neutral,Yes,12.17,831985
366,490,33,43,25,Positive,Neutral,No,0.0,0
780,572,18,47,20,Positive,Favorable,Yes,8.33,1004887
386,821,36,67,22,Negative,Unfavorable,No,2.0,0
318,372,49,46,7,Positive,Unfavorable,No,0.5,0
460,320,25,70,6,Positive,Favorable,No,0.0,0
589,410,23,23,11,Negative,Neutral,No,3.5,0
345,817,37,38,12,Negative,Unfavorable,No,2.0,0
436,682,49,39,24,Positive,Neutral,No,0.0,0
572,435,3,46,2,Negative,Neutral,No,1.5,0
448,563,24,25,10,Positive,Favorable,No,1.5,0
352,782,11,30,26,Positive,Neutral,Yes,11.69,282249
311,508,19,54,23,Positive,Unfavorable,No,2.5,0
502,351,30,30,10,Negative,Favorable,No,1.0,0
375,383,49,22,12,Positive,Unfavorable,No,0.5,0
522,847,33,34,9,Negative,Favorable,No,1.0,0
726,466,7,67,25,Negative,Unfavorable,No,2.0,0
440,590,31,37,8,Negative,Favorable,No,1.0,0
344,614,23,28,27,Positive,Unfavorable,Yes,13.88,175564
847,347,16,52,14,Positive,Unfavorable,Yes,10.52,428346
395,829,23,40,11,Positive,Favorable,Yes,14.08,94928
487,581,36,72,26,Positive,Neutral,No,0.0,0
772,413,35,41,11,Positive,Unfavorable,No,0.5,0
803,374,5,31,25,Positive,Neutral,Yes,5.64,156060
630,355,39,55,3,Negative,Unfavorable,No,2.0,0
640,592,8,54,28,Negative,Neutral,Yes,13.51,767149
818,317,6,30,5,Negative,Unfavorable,Yes,10.65,765973
484,699,31,43,17,Negative,Neutral,No,1.5,0
434,402,12,73,4,Negative,Favorable,No,1.0,0
679,548,24,66,19,Positive,Unfavorable,No,0.5,0
627,758,47,72,5,Positive,Unfavorable,No,0.5,0
831,698,46,18,27,Negative,Neutral,No,1.5,0
305,598,30,63,25,Positive,Neutral,No,0.0,0
320,602,44,43,3,Positive,Neutral,No,0.0,0
753,497,46,54,22,Negative,Unfavorable,No,2.0,0
411,793,11,52,17,Negative,Unfavorable,Yes,15.06,578950
796,612,10,45,24,Positive,Neutral,Yes,12.55,809928
544,502,11,29,13,Positive,Neutral,No,2.0,0
829,744,2,49,27,Negative,Neutral,Yes,11.56,935757
384,742,37,71,26,Negative,Neutral,No,1.5,0
703,548,6,49,27,Negative,Unfavorable,Yes,8.76,711899
691,564,33,52,10,Positive,Unfavorable,No,0.5,0
602,404,41,40,11,Positive,Favorable,No,0.0,0
719,824,34,61,20,Positive,Neutral,No,0.0,0
837,734,43,62,8,Negative,Unfavorable,No,2.0,0
308,473,38,73,7,Positive,Neutral,No,0.0,0
685,768,3,38,0,Negative,Unfavorable,Yes,11.04,398861
789,507,48,50,22,Positive,Favorable,No,0.0,0
783,312,35,41,25,Negative,Unfavorable,No,2.0,0
547,380,42,52,21,Positive,Favorable,No,0.0,0
475,836,40,71,30,Negative,Unfavorable,No,2.0,0
377,533,38,44,9,Positive,Neutral,No,0.0,0
616,401,4,61,18,Negative,Neutral,No,1.5,0
370,596,1,73,0,Positive,Unfavorable,No,0.5,0
737,535,50,75,4,Positive,Neutral,No,0.0,0
582,463,11,27,29,Positive,Unfavorable,No,2.5,0
640,477,43,75,19,Negative,Unfavorable,No,2.0,0
349,807,42,43,26,Negative,Neutral,No,1.5,0
611,311,19,21,8,Positive,Favorable,Yes,11.2,942459
352,332,33,40,25,Negative,Neutral,No,1.5,0
731,385,46,40,21,Negative,Favorable,No,1.0,0
325,463,26,50,23,Positive,Neutral,No,2.0,0
608,843,34,75,7,Negative,Unfavorable,No,2.0,0
487,559,33,18,21,Positive,Unfavorable,No,0.5,0
389,403,39,54,12,Positive,Favorable,No,0.0,0
680,770,7,22,1,Positive,Neutral,Yes,8.86,255751
845,372,1,47,11,Positive,Neutral,Yes,12.2,595310
838,471,27,36,6,Positive,Favorable,Yes,11.57,427072
683,506,10,40,15,Positive,Neutral,Yes,11.86,521326
322,391,45,33,14,Positive,Neutral,No,0.0,0
472,585,49,37,2,Negative,Unfavorable,No,2.0,0
408,435,0,45,2,Negative,Favorable,No,1.0,0
498,706,46,31,3,Positive,Favorable,No,0.0,0
662,560,5,18,30,Negative,Neutral,No,1.5,0
784,840,20,69,4,Negative,Unfavorable,No,2.0,0
384,532,6,69,4,Positive,Unfavorable,No,0.5,0
800,535,38,51,24,Positive,Unfavorable,No,0.5,0
348,694,35,57,16,Negative,Favorable,No,1.0,0
365,803,2,52,25,Positive,Unfavorable,Yes,9.26,157211
543,427,22,53,29,Negative,Unfavorable,No,4.0,0
476,523,50,43,23,Negative,Unfavorable,No,2.0,0
651,478,29,74,2,Positive,Favorable,No,0.0,0
770,320,47,55,16,Negative,Favorable,No,1.0,0
649,818,43,27,3,Positive,Unfavorable,No,0.5,0
717,758,35,69,18,Negative,Unfavorable,No,2.0,0
829,671,40,32,12,Negative,Neutral,No,1.5,0
664,847,37,51,26,Negative,Unfavorable,No,2.0,0
764,327,46,59,15,Positive,Neutral,No,0.0,0
711,720,50,28,25,Negative,Neutral,No,1.5,0
815,355,5,39,13,Negative,Unfavorable,Yes,14.14,588595
378,667,7,75,24,Negative,Unfavorable,No,2.0,0
419,596,44,40,16,Positive,Neutral,No,0.0,0
780,819,39,19,21,Negative,Neutral,No,1.5,0
663,354,14,75,10,Positive,Neutral,No,0.0,0
773,427,5,24,26,Negative,Favorable,Yes,6.63,677783
559,683,25,63,22,Negative,Unfavorable,No,2.0,0
501,764,49,70,5,Positive,Favorable,No,0.0,0
426,376,28,53,17,Positive,Neutral,No,2.0,0
722,772,0,24,21,Positive,Unfavorable,Yes,5.95,598464
356,345,34,35,15,Negative,Neutral,No,1.5,0
366,743,28,42,1,Negative,Favorable,Yes,11.61,155138
368,547,25,60,22,Negative,Neutral,No,3.5,0
352,476,10,19,25,Negative,Unfavorable,No,2.0,0
795,516,7,43,0,Positive,Neutral,Yes,6.39,575292
693,760,28,52,13,Positive,Unfavorable,Yes,15.37,799000
392,573,2,18,3,Negative,Favorable,No,1.0,0
621,471,37,63,29,Negative,Unfavorable,No,2.0,0
531,577,33,58,12,Negative,Neutral,No,1.5,0
374,799,20,37,12,Positive,Favorable,Yes,13.58,308094
309,560,34,74,29,Positive,Unfavorable,No,0.5,0
571,548,39,37,16,Negative,Neutral,No,1.5,0
546,634,39,67,7,Negative,Neutral,No,1.5,0
637,762,9,50,19,Positive,Neutral,Yes,13.63,924298
446,661,3,42,15,Negative,Unfavorable,Yes,15.78,86884
567,659,10,23,17,Negative,Unfavorable,Yes,15.62,727452
792,517,16,24,19,Positive,Favorable,Yes,9.43,437395
833,541,26,28,28,Positive,Neutral,Yes,12.07,1061569
717,652,1,70,10,Negative,Neutral,No,1.5,0
623,613,2,21,3,Negative,Unfavorable,Yes,12.75,95671
825,573,1,48,14,Negative,Unfavorable,Yes,9.79,123263
818,368,31,54,23,Positive,Favorable,No,0.0,0
526,440,5,50,20,Negative,Favorable,No,1.0,0
381,616,16,34,25,Positive,Favorable,Yes,15.42,365564
613,558,40,18,10,Positive,Favorable,No,0.0,0
670,655,29,69,28,Positive,Favorable,No,0.0,0
324,673,3,75,23,Negative,Neutral,No,1.5,0
345,429,49,70,17,Positive,Neutral,No,0.0,0
847,736,27,37,11,Negative,Neutral,Yes,11.7,1037584
462,696,21,68,25,Positive,Unfavorable,No,0.5,0
684,589,1,54,28,Negative,Neutral,Yes,9.86,821597
543,653,13,52,5,Positive,Favorable,Yes,8.92,780079
552,754,28,22,7,Negative,Unfavorable,Yes,15.58,105859
518,817,41,19,3,Negative,Unfavorable,No,2.0,0
382,306,7,75,19,Negative,Unfavorable,No,2.0,0
713,660,9,67,29,Positive,Neutral,No,0.0,0
443,699,41,54,26,Positive,Favorable,No,0.0,0
631,824,27,40,4,Negative,Neutral,Yes,13.45,781194
634,635,20,26,17,Positive,Favorable,Yes,8.68,683096
845,662,38,33,14,Negative,Neutral,No,1.5,0
604,822,44,57,11,Negative,Neutral,No,1.5,0
759,472,12,66,15,Negative,Favorable,No,1.0,0
303,359,43,44,11,Positive,Favorable,No,0.0,0
619,505,19,21,15,Positive,Unfavorable,Yes,10.09,590355
753,840,23,21,7,Negative,Neutral,Yes,8.57,493038
745,318,40,56,7,Negative,Neutral,No,1.5,0
313,506,31,35,17,Negative,Unfavorable,No,2.0,0
620,402,48,70,30,Positive,Favorable,No,0.0,0
636,668,20,48,24,Negative,Favorable,Yes,11.94,732465
563,458,18,32,2,Negative,Neutral,No,3.5,0
687,632,11,73,20,Negative,Neutral,No,1.5,0
684,783,4,56,22,Positive,Neutral,Yes,13.8,539363
795,644,18,26,19,Negative,Unfavorable,Yes,12.84,742925
424,589,47,63,20,Positive,Neutral,No,0.0,0
407,379,20,33,16,Positive,Favorable,No,1.5,0
743,649,25,46,17,Positive,Neutral,Yes,10.95,614053
680,743,27,71,22,Positive,Favorable,No,0.0,0
676,480,3,68,8,Negative,Favorable,No,1.0,0
357,405,48,32,21,Positive,Favorable,No,0.0,0
756,813,26,24,28,Negative,Favorable,Yes,10.15,298528
687,369,18,69,8,Negative,Unfavorable,No,2.0,0
498,460,21,67,14,Negative,Favorable,No,1.0,0
682,756,25,58,6,Positive,Neutral,Yes,12.92,904889
501,559,22,56,7,Positive,Unfavorable,No,2.5,0
527,586,46,27,17,Positive,Favorable,No,0.0,0
447,734,5,68,20,Negative,Neutral,No,1.5,0
645,625,17,70,10,Negative,Neutral,No,1.5,0
829,621,15,65,9,Negative,Unfavorable,No,2.0,0
662,716,14,52,10,Positive,Unfavorable,Yes,16.27,874707
406,480,29,58,14,Negative,Favorable,No,3.0,0
558,387,43,23,9,Positive,Unfavorable,No,0.5,0
833,576,5,19,16,Negative,Unfavorable,No,2.0,0
421,719,0,67,11,Positive,Favorable,No,0.0,0
411,451,32,44,14,Positive,Neutral,No,0.0,0
316,389,12,48,21,Positive,Neutral,No,2.0,0
559,820,23,19,20,Positive,Favorable,No,0.0,0
519,682,19,29,3,Negative,Unfavorable,Yes,16.9,939430
609,678,46,18,24,Negative,Favorable,No,1.0,0
597,485,27,67,14,Positive,Unfavorable,No,0.5,0
796,490,33,44,8,Positive,Neutral,No,0.0,0
511,403,24,34,12,Negative,Neutral,No,3.5,0
370,839,35,70,6,Negative,Favorable,No,1.0,0
374,690,36,31,3,Positive,Favorable,No,0.0,0
478,365,30,49,14,Positive,Neutral,No,0.0,0
383,648,25,55,19,Positive,Unfavorable,Yes,15.56,373236
849,512,22,22,0,Negative,Favorable,Yes,9.88,122411
583,645,22,47,22,Negative,Unfavorable,Yes,15.01,848388
610,331,39,47,14,Negative,Neutral,No,1.5,0
633,666,26,36,20,Negative,Favorable,Yes,10.86,555322
651,779,37,19,20,Negative,Neutral,No,1.5,0
373,773,7,46,23,Positive,Neutral,Yes,11.09,936244
639,741,38,34,9,Positive,Neutral,No,0.0,0
448,722,17,60,26,Negative,Neutral,Yes,18.37,692654
430,815,48,43,8,Positive,Neutral,No,0.0,0
673,558,28,74,20,Positive,Neutral,No,0.0,0
361,313,46,25,5,Positive,Favorable,No,0.0,0
427,582,50,27,18,Positive,Neutral,No,0.0,0
416,481,9,63,26,Positive,Unfavorable,No,0.5,0
518,605,24,59,23,Positive,Neutral,Yes,14.42,620390
540,392,26,50,30,Positive,Unfavorable,No,2.5,0
449,577,9,28,28,Positive,Neutral,No,0.0,0
581,703,22,58,22,Negative,Neutral,Yes,14.74,649101
834,759,9,32,28,Positive,Unfavorable,Yes,12.06,485521
629,375,14,40,7,Negative,Unfavorable,Yes,15.41,394569
361,823,33,45,1,Positive,Unfavorable,No,0.5,0
534,756,47,64,11,Positive,Unfavorable,No,0.5,0
309,593,43,40,9,Negative,Favorable,No,1.0,0
686,352,36,62,28,Positive,Favorable,No,0.0,0
550,405,36,66,20,Negative,Unfavorable,No,2.0,0
488,821,5,46,6,Negative,Unfavorable,Yes,13.41,650890
383,692,7,62,18,Positive,Neutral,No,0.0,0
307,476,2,63,15,Positive,Unfavorable,No,0.5,0
691,525,43,34,8,Negative,Neutral,No,1.5,0
370,360,7,20,21,Negative,Unfavorable,No,2.0,0
658,617,27,43,29,Positive,Neutral,Yes,16.29,167888
657,604,10,27,7,Positive,Favorable,Yes,11.78,50700
820,381,27,44,17,Negative,Neutral,Yes,11.06,896963
631,758,34,27,30,Positive,Neutral,No,0.0,0
714,358,23,21,30,Positive,Unfavorable,Yes,11.17,938420
607,305,9,44,18,Negative,Unfavorable,Yes,10.17,692774
521,432,35,54,8,Negative,Neutral,No,1.5,0
621,598,15,23,8,Negative,Unfavorable,Yes,14.14,362551
469,634,4,38,23,Positive,Favorable,Yes,7.37,945650
443,304,48,50,15,Negative,Neutral,No,1.5,0
397,793,10,58,4,Positive,Unfavorable,Yes,12.26,70768
463,483,25,56,26,Negative,Favorable,No,3.0,0
471,590,9,37,19,Negative,Neutral,No,1.5,0
488,350,49,65,30,Negative,Unfavorable,No,2.0,0
795,769,6,52,5,Positive,Unfavorable,Yes,5.82,259579
658,780,28,58,8,Negative,Unfavorable,Yes,15.21,233554
514,622,41,67,0,Positive,Favorable,No,0.0,0
608,342,43,38,13,Positive,Favorable,No,0.0,0
537,789,31,41,7,Negative,Neutral,No,1.5,0
433,718,43,70,5,Negative,Neutral,No,1.5,0
635,309,48,58,20,Positive,Favorable,No,0.0,0
804,744,8,30,24,Positive,Favorable,Yes,8.3,376132
402,652,15,46,9,Positive,Favorable,Yes,11.17,800533
667,517,49,70,14,Positive,Unfavorable,No,0.5,0
790,358,16,64,6,Negative,Neutral,No,1.5,0
335,452,36,25,15,Negative,Neutral,No,1.5,0
810,583,5,72,12,Negative,Neutral,No,1.5,0
565,631,8,19,29,Positive,Neutral,No,0.0,0
824,726,35,73,16,Positive,Favorable,No,0.0,0
516,363,46,62,0,Positive,Favorable,No,0.0,0
509,679,38,72,18,Positive,Favorable,No,0.0,0
321,830,36,25,28,Positive,Favorable,No,0.0,0
797,407,47,39,13,Positive,Unfavorable,No,0.5,0
331,695,4,19,22,Positive,Unfavorable,No,0.5,0
666,807,21,49,11,Negative,Favorable,Yes,14.72,359704
570,732,1,62,5,Negative,Unfavorable,No,2.0,0
738,659,39,49,21,Positive,Neutral,No,0.0,0
590,542,20,45,17,Positive,Neutral,No,2.0,0
446,726,10,61,23,Negative,Neutral,No,1.5,0
752,691,35,49,4,Positive,Favorable,No,0.0,0
841,360,4,21,28,Positive,Neutral,Yes,9.47,624618
752,752,42,33,3,Positive,Unfavorable,No,0.5,0
716,501,37,36,12,Negative,Unfavorable,No,2.0,0
578,839,14,38,30,Negative,Unfavorable,Yes,12.64,16322
691,540,43,75,3,Negative,Neutral,No,1.5,0
499,492,10,69,17,Positive,Neutral,No,0.0,0
725,342,24,54,5,Negative,Neutral,Yes,8.6,315959
337,512,35,47,7,Negative,Unfavorable,No,2.0,0
628,785,23,28,13,Positive,Favorable,Yes,13.86,939052
384,642,4,33,24,Positive,Neutral,Yes,10.85,693495
552,300,49,25,17,Positive,Favorable,No,0.0,0
440,350,12,72,26,Negative,Favorable,No,1.0,0
710,764,44,24,12,Negative,Unfavorable,No,2.0,0
512,499,6,62,7,Negative,Favorable,No,1.0,0
336,629,32,27,19,Negative,Unfavorable,No,2.0,0
571,312,30,29,24,Positive,Favorable,No,0.0,0
680,482,38,43,26,Negative,Neutral,No,1.5,0
650,346,14,69,18,Positive,Favorable,No,0.0,0
823,706,49,74,26,Negative,Neutral,No,1.5,0
631,758,10,59,13,Positive,Unfavorable,Yes,15.16,426602
604,679,20,65,12,Positive,Neutral,No,0.0,0
545,581,14,23,19,Positive,Favorable,No,1.5,0
730,579,37,54,20,Negative,Unfavorable,No,2.0,0
339,450,45,67,28,Negative,Favorable,No,1.0,0
802,487,17,26,5,Positive,Favorable,Yes,7.74,267446
739,564,46,61,5,Negative,Favorable,No,1.0,0
818,323,27,24,25,Negative,Unfavorable,Yes,11.57,287961
524,465,12,27,1,Positive,Unfavorable,No,2.5,0
440,526,36,53,5,Negative,Favorable,No,1.0,0
333,568,38,60,22,Positive,Unfavorable,No,0.5,0
321,656,15,64,12,Negative,Neutral,No,1.5,0
541,779,40,72,9,Positive,Favorable,No,0.0,0
413,334,3,21,4,Positive,Unfavorable,No,0.5,0
347,652,10,29,12,Negative,Unfavorable,Yes,14.94,553369
401,846,31,30,0,Negative,Unfavorable,No,2.0,0
575,472,36,28,27,Negative,Unfavorable,No,2.0,0
462,828,1,74,15,Negative,Neutral,No,1.5,0
504,420,14,54,27,Negative,Neutral,No,3.5,0
694,666,23,52,22,Positive,Neutral,Yes,16.7,994895
661,567,46,53,28,Positive,Neutral,No,0.0,0
544,337,14,64,22,Negative,Neutral,No,1.5,0
618,551,30,55,12,Positive,Favorable,No,0.0,0
734,712,49,67,4,Positive,Neutral,No,0.0,0
671,616,12,42,6,Negative,Favorable,Yes,11.55,228830
314,534,7,74,23,Positive,Neutral,No,0.0,0
650,353,28,58,30,Negative,Unfavorable,Yes,14.4,424522
606,678,30,59,4,Positive,Unfavorable,No,0.5,0
653,441,1,66,3,Positive,Unfavorable,No,0.5,0
826,662,38,55,7,Negative,Neutral,No,1.5,0
480,427,42,22,15,Positive,Unfavorable,No,0.5,0
690,329,10,32,10,Negative,Unfavorable,Yes,14.33,305381
520,682,14,57,1,Negative,Unfavorable,Yes,13.56,772678
742,730,45,26,25,Negative,Favorable,No,1.0,0
663,457,17,70,18,Positive,Neutral,No,0.0,0
720,526,48,45,30,Negative,Neutral,No,1.5,0
570,763,19,57,8,Negative,Favorable,Yes,13.35,622903
496,832,32,63,4,Positive,Favorable,No,0.0,0
603,585,42,34,15,Positive,Neutral,No,0.0,0
391,459,29,36,26,Positive,Favorable,No,1.5,0
666,652,46,35,8,Negative,Neutral,No,1.5,0
592,358,22,38,4,Negative,Unfavorable,No,4.0,0
379,817,33,65,15,Positive,Unfavorable,No,0.5,0
602,451,15,40,5,Positive,Unfavorable,Yes,17.47,679856
540,832,25,56,3,Negative,Neutral,Yes,14.64,886666
794,500,37,74,28,Negative,Unfavorable,No,2.0,0
756,649,32,38,14,Negative,Favorable,No,1.0,0
591,315,5,28,2,Negative,Favorable,No,1.0,0
703,445,4,58,28,Negative,Unfavorable,Yes,7.28,882812
381,335,43,46,9,Negative,Unfavorable,No,2.0,0
478,367,22,73,15,Positive,Favorable,No,0.0,0
467,826,31,56,20,Positive,Favorable,No,0.0,0
757,395,43,74,15,Positive,Neutral,No,0.0,0
419,584,45,70,7,Positive,Favorable,No,0.0,0
561,664,32,35,4,Negative,Unfavorable,No,2.0,0
685,519,50,72,4,Negative,Unfavorable,No,2.0,0
795,515,7,39,7,Negative,Favorable,Yes,7.3,825904
534,457,28,55,25,Negative,Favorable,No,3.0,0
491,372,32,18,27,Negative,Favorable,No,1.0,0
845,610,48,45,27,Negative,Neutral,No,1.5,0
828,447,13,45,27,Negative,Unfavorable,Yes,11.65,581897
537,646,0,26,11,Positive,Favorable,Yes,9.24,114655
388,843,41,57,26,Negative,Neutral,No,1.5,0
812,392,8,73,19,Negative,Neutral,No,1.5,0
774,530,45,62,24,Positive,Neutral,No,0.0,0
828,308,39,29,0,Negative,Neutral,No,1.5,0
342,579,18,38,8,Negative,Unfavorable,No,4.0,0
629,512,17,49,13,Positive,Unfavorable,Yes,17.0,862221
472,716,16,57,22,Negative,Unfavorable,Yes,18.31,414050
359,430,19,25,25,Positive,Neutral,No,2.0,0
782,500,32,32,25,Positive,Neutral,No,0.0,0
575,348,41,55,21,Positive,Neutral,No,0.0,0
300,775,1,67,1,Positive,Favorable,No,0.0,0
610,392,21,69,27,Negative,Unfavorable,No,2.0,0
336,830,35,18,9,Positive,Unfavorable,No,0.5,0
738,751,33,21,20,Positive,Favorable,No,0.0,0
648,701,21,21,21,Negative,Favorable,Yes,10.91,685211
727,654,47,44,22,Positive,Neutral,No,0.0,0
722,316,35,58,13,Negative,Unfavorable,No,2.0,0
725,821,43,52,16,Positive,Unfavorable,No,0.5,0
300,839,17,65,12,Negative,Neutral,No,1.5,0
828,672,10,33,6,Positive,Favorable,Yes,13.36,224370
352,722,34,64,24,Negative,Favorable,No,1.0,0
470,366,27,69,27,Negative,Unfavorable,No,2.0,0
343,638,16,42,13,Negative,Unfavorable,Yes,18.88,753485
444,310,12,75,13,Positive,Favorable,No,0.0,0
556,444,11,26,26,Negative,Favorable,No,3.0,0
310,344,36,61,5,Positive,Favorable,No,0.0,0
747,830,47,63,20,Negative,Neutral,No,1.5,0
600,367,30,47,4,Positive,Neutral,No,0.0,0
749,663,26,60,9,Negative,Favorable,Yes,10.36,370131
826,493,33,59,28,Negative,Unfavorable,No,2.0,0
384,347,3,23,30,Negative,Neutral,No,1.5,0
838,716,15,62,30,Positive,Favorable,No,0.0,0
662,516,18,30,12,Negative,Unfavorable,Yes,14.09,443985
672,380,12,37,6,Positive,Unfavorable,Yes,15.5,623009
329,769,25,65,5,Positive,Favorable,No,0.0,0
619,610,20,34,12,Negative,Neutral,Yes,14.65,658238
596,659,41,26,22,Negative,Unfavorable,No,2.0,0
728,562,50,47,22,Negative,Neutral,No,1.5,0
749,575,1,71,11,Negative,Unfavorable,No,2.0,0
333,420,36,22,28,Positive,Neutral,No,0.0,0
510,391,2,31,27,Positive,Unfavorable,No,0.5,0
697,333,20,53,30,Positive,Neutral,Yes,12.79,258255
707,696,1,66,27,Positive,Unfavorable,No,0.5,0
388,416,9,50,4,Positive,Neutral,No,0.0,0
797,354,49,37,21,Negative,Favorable,No,1.0,0
598,316,34,55,18,Negative,Favorable,No,1.0,0
362,802,45,56,16,Positive,Unfavorable,No,0.5,0
499,377,24,30,16,Positive,Neutral,No,2.0,0
352,532,11,37,19,Positive,Unfavorable,No,2.5,0
543,466,6,63,4,Positive,Favorable,No,0.0,0
542,749,18,64,17,Positive,Neutral,No,0.0,0
753,762,31,39,16,Negative,Favorable,No,1.0,0
635,419,27,18,23,Positive,Unfavorable,No,0.5,0
377,575,15,38,0,Positive,Unfavorable,No,2.5,0
451,542,47,44,16,Negative,Neutral,No,1.5,0
687,326,47,64,14,Negative,Favorable,No,1.0,0
498,794,42,36,18,Negative,Neutral,No,1.5,0
577,807,10,37,8,Positive,Neutral,Yes,14.45,191515
658,506,7,69,13,Positive,Favorable,No,0.0,0
400,727,3,50,20,Positive,Favorable,Yes,13.67,554791
789,409,8,18,2,Positive,Neutral,No,0.0,0
470,513,24,49,13,Positive,Favorable,No,1.5,0
707,714,43,61,19,Positive,Unfavorable,No,0.5,0
847,705,43,37,4,Positive,Neutral,No,0.0,0
824,358,36,38,4,Negative,Favorable,No,1.0,0
686,543,25,36,25,Negative,Unfavorable,Yes,15.35,683573
427,541,43,44,3,Positive,Neutral,No,0.0,0
816,460,5,61,26,Negative,Favorable,No,1.0,0
602,805,21,41,1,Positive,Neutral,Yes,12.55,268571
711,411,12,60,8,Negative,Favorable,Yes,9.29,875548
762,802,21,42,21,Negative,Unfavorable,Yes,11.66,512279
440,419,47,41,30,Positive,Neutral,No,0.0,0
738,573,16,73,24,Positive,Unfavorable,No,0.5,0
756,462,45,39,15,Positive,Favorable,No,0.0,0
700,426,21,49,5,Positive,Unfavorable,Yes,13.33,781714
313,528,30,54,15,Positive,Unfavorable,No,0.5,0
405,825,39,43,14,Positive,Favorable,No,0.0,0
738,649,42,45,1,Negative,Neutral,No,1.5,0
672,847,21,31,6,Positive,Unfavorable,Yes,14.45,680274
808,793,28,40,9,Positive,Neutral,Yes,10.84,964272
455,555,3,46,27,Positive,Unfavorable,No,0.5,0
665,444,28,56,11,Positive,Neutral,Yes,14.32,436379
618,497,10,47,9,Negative,Unfavorable,Yes,11.88,451874
815,465,35,35,9,Positive,Unfavorable,No,0.5,0
576,770,43,18,26,Negative,Unfavorable,No,2.0,0
461,835,28,27,28,Positive,Favorable,Yes,8.8,223615
800,424,25,26,30,Negative,Favorable,Yes,12.31,160663
363,412,48,44,9,Positive,Neutral,No,0.0,0
431,563,15,57,27,Negative,Unfavorable,No,4.0,0
759,549,37,64,17,Negative,Neutral,No,1.5,0
641,477,10,25,27,Positive,Neutral,Yes,15.23,663788
608,576,48,61,30,Negative,Unfavorable,No,2.0,0
666,788,45,18,1,Positive,Unfavorable,No,0.5,0
690,723,42,67,30,Negative,Neutral,No,1.5,0
418,807,27,36,23,Positive,Favorable,Yes,9.53,157175
544,642,10,54,30,Negative,Unfavorable,Yes,15.98,618408
556,549,9,47,9,Positive,Unfavorable,No,0.5,0
460,393,4,23,0,Positive,Unfavorable,No,0.5,0
693,725,39,61,16,Negative,Unfavorable,No,2.0,0
723,523,13,20,16,Positive,Favorable,No,0.0,0
320,719,27,32,23,Negative,Favorable,Yes,11.75,779497
835,626,45,28,1,Positive,Favorable,No,0.0,0
394,784,10,40,21,Negative,Neutral,Yes,15.63,291099
826,625,34,40,27,Negative,Neutral,No,1.5,0
383,728,14,23,29,Negative,Favorable,Yes,15.85,796394
391,771,27,43,24,Negative,Unfavorable,Yes,13.66,441585
610,662,7,40,26,Negative,Unfavorable,Yes,12.38,98648
843,588,2,38,27,Positive,Favorable,Yes,7.26,734806
602,673,17,69,28,Negative,Neutral,No,1.5,0
350,564,44,39,23,Positive,Unfavorable,No,0.5,0
787,658,23,20,7,Negative,Favorable,No,1.0,0
491,626,27,51,5,Negative,Favorable,Yes,10.83,23748
388,357,12,61,28,Negative,Neutral,No,1.5,0
828,350,6,52,8,Negative,Favorable,Yes,8.42,397352
473,585,22,55,3,Positive,Unfavorable,No,2.5,0
313,593,33,53,30,Negative,Neutral,No,1.5,0
800,328,44,27,28,Positive,Favorable,No,0.0,0
521,344,29,47,28,Negative,Neutral,No,3.5,0
824,804,1,59,25,Positive,Favorable,Yes,4.91,448326
485,311,20,33,25,Positive,Favorable,No,1.5,0
595,682,44,39,24,Negative,Unfavorable,No,2.0,0
364,809,29,66,25,Positive,Unfavorable,No,0.5,0
661,356,48,64,19,Positive,Neutral,No,0.0,0
387,564,0,72,9,Positive,Favorable,No,0.0,0
564,493,17,63,25,Positive,Unfavorable,No,0.5,0
791,399,36,30,15,Negative,Unfavorable,No,2.0,0
760,807,39,44,10,Negative,Unfavorable,No,2.0,0
828,727,9,18,14,Negative,Favorable,No,1.0,0
595,503,46,28,28,Negative,Neutral,No,1.5,0
429,487,50,72,10,Positive,Favorable,No,0.0,0
578,523,27,43,25,Positive,Unfavorable,No,2.5,0
745,594,45,52,13,Positive,Unfavorable,No,0.5,0
309,344,34,63,9,Positive,Neutral,No,0.0,0
673,704,3,34,1,Negative,Neutral,Yes,13.58,390947
728,401,36,40,21,Negative,Neutral,No,1.5,0
482,458,25,45,9,Positive,Favorable,No,1.5,0
355,500,11,69,16,Negative,Unfavorable,No,2.0,0
816,366,0,69,18,Positive,Neutral,No,0.0,0
496,307,18,66,17,Negative,Unfavorable,No,2.0,0
331,516,18,65,0,Negative,Favorable,No,1.0,0
605,784,36,52,27,Negative,Neutral,No,1.5,0
545,690,13,19,30,Positive,Unfavorable,No,0.5,0
401,501,3,50,0,Positive,Favorable,No,0.0,0
799,359,20,58,5,Positive,Favorable,Yes,6.95,326621
571,462,25,66,11,Positive,Neutral,No,0.0,0
659,513,9,53,9,Positive,Favorable,Yes,13.68,936234
514,715,41,56,2,Positive,Unfavorable,No,0.5,0
702,745,2,36,21,Positive,Favorable,Yes,12.27,901201
567,304,46,68,12,Positive,Favorable,No,0.0,0
350,715,24,61,7,Positive,Neutral,No,0.0,0
612,320,11,42,6,Positive,Unfavorable,Yes,10.11,680599
320,777,33,40,4,Positive,Neutral,No,0.0,0
801,813,6,18,29,Negative,Neutral,No,1.5,0
788,695,18,46,19,Negative,Favorable,Yes,12.07,828841
561,831,43,67,30,Positive,Neutral,No,0.0,0
705,607,31,70,13,Positive,Favorable,No,0.0,0
765,705,41,51,12,Positive,Favorable,No,0.0,0
806,526,6,37,5,Negative,Neutral,Yes,12.8,784358
703,639,31,54,1,Positive,Favorable,No,0.0,0
421,389,5,57,15,Positive,Favorable,No,0.0,0
732,829,23,48,17,Positive,Unfavorable,Yes,12.62,279930
362,646,15,58,12,Positive,Unfavorable,Yes,11.84,929930
406,798,15,75,20,Negative,Unfavorable,No,2.0,0
751,850,36,66,18,Negative,Neutral,No,1.5,0
792,581,8,35,29,Positive,Favorable,Yes,7.87,658202
426,310,21,30,9,Positive,Neutral,No,2.0,0
366,506,11,23,21,Negative,Neutral,No,3.5,0
669,500,7,55,24,Positive,Favorable,Yes,7.23,354334
537,417,21,62,20,Negative,Favorable,No,1.0,0
492,657,11,59,30,Negative,Favorable,Yes,15.44,859000
677,344,41,36,17,Negative,Unfavorable,No,2.0,0
514,832,32,67,14,Negative,Unfavorable,No,2.0,0
365,756,19,35,12,Positive,Neutral,Yes,11.91,763355
647,635,3,64,22,Positive,Neutral,No,0.0,0
575,493,44,73,8,Positive,Neutral,No,0.0,0
462,801,29,19,0,Positive,Unfavorable,No,0.5,0
313,481,22,57,23,Negative,Neutral,No,3.5,0
371,738,32,56,6,Negative,Neutral,No,1.5,0
663,548,29,69,0,Negative,Neutral,No,1.5,0
408,616,16,64,19,Negative,Neutral,No,1.5,0
596,764,34,44,9,Negative,Unfavorable,No,2.0,0
560,792,1,73,29,Negative,Unfavorable,No,2.0,0
826,762,11,53,28,Negative,Favorable,Yes,12.26,1031467
486,519,24,58,7,Positive,Favorable,No,1.5,0
742,737,5,19,13,Negative,Favorable,No,1.0,0
793,302,46,26,15,Negative,Neutral,No,1.5,0
808,589,49,75,20,Positive,Favorable,No,0.0,0
760,599,8,34,10,Positive,Neutral,Yes,11.4,908025
782,835,5,54,9,Positive,Unfavorable,Yes,9.18,567364
327,364,27,32,17,Negative,Neutral,No,3.5,0
807,446,47,36,26,Negative,Unfavorable,No,2.0,0
841,473,25,63,25,Positive,Unfavorable,No,0.5,0
785,508,16,36,23,Positive,Unfavorable,Yes,9.72,254168
815,401,15,53,17,Negative,Neutral,Yes,11.23,382043
755,531,0,75,13,Negative,Favorable,No,1.0,0
488,701,33,53,10,Positive,Neutral,No,0.0,0
780,572,5,43,22,Negative,Favorable,Yes,8.98,759927
662,341,37,44,17,Positive,Neutral,No,0.0,0
715,804,32,74,28,Negative,Unfavorable,No,2.0,0
779,392,34,53,24,Positive,Favorable,No,0.0,0
457,772,22,37,2,Negative,Unfavorable,Yes,15.68,877991
427,683,40,29,10,Positive,Favorable,No,0.0,0
338,366,42,75,12,Negative,Unfavorable,No,2.0,0
603,610,20,68,16,Positive,Favorable,No,0.0,0
810,578,20,53,15,Negative,Neutral,Yes,15.74,574019
503,759,30,53,19,Negative,Favorable,No,1.0,0
788,543,6,74,10,Positive,Favorable,No,0.0,0
515,455,10,70,24,Negative,Neutral,No,1.5,0
414,345,18,47,17,Negative,Neutral,No,3.5,0
756,847,3,61,17,Positive,Neutral,No,0.0,0
528,559,40,44,22,Positive,Favorable,No,0.0,0
528,486,25,27,2,Negative,Favorable,No,3.0,0
517,449,17,36,3,Positive,Favorable,No,1.5,0
799,456,30,60,18,Negative,Unfavorable,No,2.0,0
782,635,15,56,0,Positive,Favorable,Yes,13.7,504210
501,563,1,72,3,Negative,Unfavorable,No,2.0,0
422,548,4,68,22,Negative,Unfavorable,No,2.0,0
784,821,16,68,11,Negative,Favorable,No,1.0,0
738,524,39,19,25,Negative,Unfavorable,No,2.0,0
576,545,39,19,28,Positive,Neutral,No,0.0,0
690,623,26,26,18,Negative,Favorable,Yes,10.35,638352
668,309,37,54,6,Positive,Neutral,No,0.0,0
569,795,41,28,9,Positive,Favorable,No,0.0,0
824,477,13,22,15,Positive,Unfavorable,Yes,7.6,159567
557,698,7,67,29,Positive,Favorable,No,0.0,0
453,835,14,20,12,Negative,Unfavorable,No,2.0,0
339,415,24,47,17,Positive,Favorable,No,1.5,0
316,437,19,45,9,Positive,Neutral,No,2.0,0
450,576,20,61,6,Positive,Unfavorable,No,0.5,0
788,300,35,40,19,Positive,Neutral,No,0.0,0
716,612,31,73,30,Negative,Neutral,No,1.5,0
556,476,44,22,5,Negative,Favorable,No,1.0,0
530,469,39,70,16,Negative,Favorable,No,1.0,0
785,734,45,25,24,Positive,Neutral,No,0.0,0
686,496,31,51,18,Negative,Favorable,No,1.0,0
747,517,44,68,24,Positive,Favorable,No,0.0,0
808,709,27,73,6,Positive,Unfavorable,No,0.5,0
612,428,29,68,23,Negative,Favorable,No,1.0,0
774,377,11,39,2,Negative,Favorable,Yes,15.31,740729
367,666,22,30,2,Positive,Unfavorable,Yes,17.11,665135
407,626,11,39,18,Positive,Unfavorable,Yes,10.26,406090
797,698,7,53,22,Negative,Unfavorable,Yes,8.99,859755
305,743,31,65,2,Negative,Unfavorable,No,2.0,0
450,484,38,31,10,Negative,Favorable,No,1.0,0
421,585,33,36,1,Negative,Unfavorable,No,2.0,0
778,715,31,58,1,Positive,Favorable,No,0.0,0
418,371,35,72,26,Negative,Neutral,No,1.5,0
620,456,49,31,14,Negative,Neutral,No,1.5,0
745,488,34,65,28,Negative,Neutral,No,1.5,0
705,524,11,58,1,Positive,Favorable,Yes,8.47,353714
336,804,16,19,26,Positive,Neutral,No,0.0,0
451,808,41,24,10,Positive,Neutral,No,0.0,0
709,406,28,18,15,Negative,Favorable,No,1.0,0
842,741,11,49,23,Negative,Favorable,Yes,8.82,330298
671,383,16,30,6,Positive,Favorable,Yes,10.31,749596
564,405,24,52,27,Positive,Favorable,No,1.5,0
590,761,24,73,20,Positive,Favorable,No,0.0,0
643,515,4,36,26,Negative,Neutral,Yes,8.73,208767
368,548,39,55,18,Positive,Favorable,No,0.0,0
301,454,31,44,27,Negative,Unfavorable,No,2.0,0
399,361,47,50,15,Positive,Unfavorable,No,0.5,0
508,713,46,30,5,Positive,Unfavorable,No,0.5,0
744,704,41,24,26,Negative,Favorable,No,1.0,0
822,642,23,45,21,Positive,Favorable,Yes,11.06,932094
608,408,16,67,28,Negative,Unfavorable,No,2.0,0
753,765,45,56,2,Negative,Neutral,No,1.5,0
418,520,16,30,16,Negative,Neutral,No,3.5,0
524,712,21,30,18,Negative,Neutral,Yes,17.93,810559
367,467,8,74,16,Negative,Favorable,No,1.0,0
660,695,47,73,24,Positive,Unfavorable,No,0.5,0
689,345,31,65,25,Negative,Favorable,No,1.0,0
662,774,50,66,0,Negative,Neutral,No,1.5,0
628,488,50,66,16,Positive,Neutral,No,0.0,0
596,717,10,71,18,Positive,Favorable,No,0.0,0
509,681,4,34,26,Negative,Unfavorable,Yes,10.89,431875
398,361,25,33,29,Negative,Neutral,No,3.5,0
348,391,34,59,27,Negative,Neutral,No,1.5,0
840,721,40,23,12,Positive,Unfavorable,No,0.5,0
528,723,44,75,23,Negative,Neutral,No,1.5,0
632,613,15,47,20,Negative,Neutral,Yes,14.3,894513
483,387,40,26,5,Positive,Neutral,No,0.0,0
387,664,13,47,15,Positive,Favorable,Yes,13.15,939038
532,370,10,31,24,Positive,Favorable,No,1.5,0
394,378,48,63,24,Negative,Favorable,No,1.0,0
424,600,35,71,1,Negative,Neutral,No,1.5,0
387,786,7,66,4,Negative,Favorable,No,1.0,0
598,615,25,39,6,Positive,Favorable,Yes,10.46,170831
614,761,13,74,12,Negative,Neutral,No,1.5,0
424,561,43,31,23,Positive,Neutral,No,0.0,0
695,771,41,73,27,Negative,Favorable,No,1.0,0
443,549,21,45,1,Negative,Favorable,No,3.0,0
353,840,10,25,2,Positive,Favorable,Yes,14.45,456585
414,746,34,74,27,Positive,Neutral,No,0.0,0
705,750,38,55,5,Positive,Favorable,No,0.0,0
716,696,25,58,15,Positive,Favorable,Yes,11.82,1048032
543,389,7,18,15,Negative,Neutral,No,1.5,0
633,580,30,31,13,Positive,Favorable,No,0.0,0
505,390,7,64,4,Negative,Unfavorable,No,2.0,0
412,824,23,56,12,Positive,Unfavorable,Yes,14.76,321642
839,488,13,40,16,Negative,Favorable,Yes,15.55,812897
417,491,9,42,0,Negative,Favorable,No,1.0,0
819,445,5,27,27,Positive,Neutral,Yes,8.43,725140
578,545,13,46,19,Positive,Favorable,No,1.5,0
827,419,12,56,6,Negative,Neutral,Yes,16.31,851109
658,387,18,59,1,Positive,Neutral,Yes,15.75,593300
403,711,16,33,2,Negative,Neutral,Yes,13.78,812524
835,616,43,27,3,Negative,Neutral,No,1.5,0
742,446,32,73,23,Negative,Unfavorable,No,2.0,0
453,345,31,26,7,Negative,Neutral,No,1.5,0
631,691,14,59,5,Negative,Favorable,Yes,15.17,90255
418,688,2,70,3,Negative,Favorable,No,1.0,0
657,564,47,21,29,Negative,Favorable,No,1.0,0
762,519,6,18,23,Positive,Neutral,No,0.0,0
536,798,33,33,3,Positive,Unfavorable,No,0.5,0
576,506,13,42,17,Negative,Favorable,No,3.0,0
443,377,48,30,10,Positive,Unfavorable,No,0.5,0
581,680,10,55,28,Negative,Unfavorable,Yes,15.47,124725
774,808,34,68,26,Negative,Neutral,No,1.5,0
314,794,9,53,3,Positive,Unfavorable,Yes,10.46,896168
785,545,10,24,25,Positive,Neutral,Yes,13.25,573646
695,473,7,22,13,Negative,Neutral,Yes,8.67,148343
538,708,5,71,18,Positive,Neutral,No,0.0,0
386,783,45,66,14,Positive,Favorable,No,0.0,0
316,506,18,58,18,Negative,Unfavorable,No,4.0,0
555,673,34,38,24,Positive,Neutral,No,0.0,0
740,664,7,37,13,Negative,Unfavorable,Yes,8.42,193407
798,823,39,73,17,Positive,Unfavorable,No,0.5,0
515,658,24,68,7,Negative,Favorable,No,1.0,0
411,554,46,74,29,Negative,Favorable,No,1.0,0
558,522,3,44,12,Positive,Neutral,No,0.0,0
612,823,5,58,24,Negative,Unfavorable,Yes,12.93,718342
457,718,42,45,12,Negative,Neutral,No,1.5,0
426,544,11,61,28,Positive,Unfavorable,No,0.5,0
787,699,42,28,6,Negative,Unfavorable,No,2.0,0
393,699,32,42,1,Negative,Unfavorable,No,2.0,0
504,594,44,57,30,Negative,Unfavorable,No,2.0,0
680,517,0,49,21,Positive,Unfavorable,Yes,11.2,52169
372,822,21,26,12,Negative,Neutral,Yes,13.55,664021
667,624,47,30,3,Positive,Unfavorable,No,0.5,0
602,444,36,71,0,Positive,Neutral,No,0.0,0
349,616,18,45,8,Negative,Unfavorable,Yes,11.36,909805
505,724,0,42,0,Negative,Favorable,Yes,15.8,483697
570,658,10,46,5,Negative,Favorable,Yes,13.34,928478
735,711,28,20,12,Positive,Favorable,No,0.0,0
848,387,25,40,2,Positive,Neutral,Yes,12.73,1072053
820,503,22,23,20,Positive,Favorable,Yes,11.69,335665
628,332,44,55,4,Positive,Unfavorable,No,0.5,0
648,697,28,27,24,Positive,Favorable,Yes,9.59,469081
791,544,17,60,15,Negative,Neutral,Yes,15.0,337394
820,347,39,40,4,Negative,Favorable,No,1.0,0
312,490,12,37,3,Positive,Unfavorable,No,2.5,0
822,677,42,46,30,Negative,Unfavorable,No,2.0,0
389,702,15,51,17,Negative,Favorable,Yes,15.22,63919
846,502,15,30,29,Positive,Favorable,Yes,9.96,764843
614,346,47,18,1,Negative,Neutral,No,1.5,0
646,529,0,44,27,Negative,Unfavorable,Yes,11.32,351416
602,848,6,70,7,Positive,Unfavorable,No,0.5,0
828,379,35,71,26,Negative,Favorable,No,1.0,0
780,685,40,25,6,Positive,Favorable,No,0.0,0
342,582,9,73,8,Negative,Neutral,No,1.5,0
449,608,28,23,22,Positive,Favorable,Yes,12.26,230907
709,336,15,30,22,Positive,Unfavorable,Yes,14.85,847803
666,655,46,65,30,Positive,Neutral,No,0.0,0
537,731,12,33,27,Negative,Neutral,Yes,17.62,710955
383,734,25,63,26,Negative,Favorable,No,1.0,0
370,784,1,45,9,Negative,Neutral,Yes,9.01,949657
661,332,45,67,30,Positive,Neutral,No,0.0,0
436,754,36,62,1,Negative,Unfavorable,No,2.0,0
467,850,29,39,1,Negative,Neutral,Yes,14.73,14535
489,429,33,52,30,Negative,Neutral,No,1.5,0
456,777,34,28,15,Negative,Neutral,No,1.5,0
391,597,46,54,2,Positive,Neutral,No,0.0,0
520,815,36,22,25,Negative,Unfavorable,No,2.0,0
714,301,45,50,7,Positive,Neutral,No,0.0,0
524,768,33,41,28,Negative,Unfavorable,No,2.0,0
548,443,0,43,20,Negative,Neutral,No,1.5,0
843,394,33,71,30,Negative,Unfavorable,No,2.0,0
406,671,49,69,5,Positive,Neutral,No,0.0,0
458,741,21,74,30,Positive,Favorable,No,0.0,0
844,686,48,60,6,Positive,Unfavorable,No,0.5,0
674,378,28,68,1,Negative,Favorable,No,1.0,0
694,809,49,20,21,Positive,Favorable,No,0.0,0
753,389,9,73,13,Positive,Favorable,No,0.0,0
555,327,18,31,26,Negative,Unfavorable,No,4.0,0
759,317,4,47,26,Negative,Favorable,Yes,12.12,829796
519,322,15,20,0,Positive,Neutral,No,0.0,0
370,545,38,47,20,Negative,Favorable,No,1.0,0
573,763,30,69,24,Positive,Favorable,No,0.0,0
490,401,30,53,0,Negative,Favorable,No,1.0,0
744,597,30,39,25,Negative,Favorable,No,1.0,0
520,715,39,75,1,Negative,Unfavorable,No,2.0,0
640,494,24,56,5,Negative,Favorable,Yes,10.7,178987
850,722,15,72,28,Positive,Favorable,No,0.0,0
589,422,50,25,10,Positive,Favorable,No,0.0,0
763,478,8,52,27,Positive,Unfavorable,Yes,11.26,157603
464,430,40,21,10,Negative,Unfavorable,No,2.0,0
678,372,6,68,27,Negative,Favorable,No,1.0,0
735,583,34,63,23,Negative,Unfavorable,No,2.0,0
307,771,35,49,14,Negative,Unfavorable,No,2.0,0
452,457,29,57,19,Positive,Unfavorable,No,2.5,0
431,400,50,65,17,Positive,Unfavorable,No,0.5,0
645,817,31,64,8,Negative,Neutral,No,1.5,0
619,481,5,58,12,Positive,Neutral,Yes,13.46,701732
747,386,18,65,27,Positive,Neutral,No,0.0,0
476,485,3,50,24,Negative,Neutral,No,1.5,0
319,688,46,71,13,Negative,Favorable,No,1.0,0
544,564,2,32,25,Negative,Favorable,No,1.0,0
626,618,18,29,9,Negative,Unfavorable,Yes,13.57,701532
463,503,48,56,23,Negative,Favorable,No,1.0,0
331,363,39,68,5,Negative,Favorable,No,1.0,0
489,691,27,54,12,Positive,Favorable,Yes,12.42,342037
464,633,6,71,2,Positive,Neutral,No,0.0,0
520,432,5,52,11,Positive,Favorable,No,0.0,0
628,435,33,63,23,Positive,Unfavorable,No,0.5,0
385,382,34,59,12,Negative,Unfavorable,No,2.0,0
465,517,42,66,12,Positive,Favorable,No,0.0,0
718,537,12,43,6,Negative,Favorable,Yes,15.38,951433
442,596,40,42,22,Negative,Unfavorable,No,2.0,0
416,641,6,22,4,Positive,Favorable,Yes,7.43,419445
526,518,34,19,7,Positive,Favorable,No,0.0,0
302,681,40,39,11,Positive,Unfavorable,No,0.5,0
337,807,30,31,12,Negative,Unfavorable,No,2.0,0
831,389,40,51,4,Negative,Favorable,No,1.0,0
821,738,36,32,17,Positive,Neutral,No,0.0,0
388,798,15,45,14,Negative,Favorable,Yes,10.52,796462
654,759,16,45,1,Positive,Favorable,Yes,9.41,681526
414,489,19,49,22,Negative,Neutral,No,3.5,0
679,464,49,74,27,Negative,Neutral,No,1.5,0
730,637,15,60,23,Negative,Favorable,Yes,14.51,443273
346,498,46,43,7,Negative,Neutral,No,1.5,0
554,408,27,38,6,Positive,Favorable,No,1.5,0
537,778,6,25,29,Positive,Neutral,Yes,12.31,584173
500,435,8,41,1,Positive,Unfavorable,No,0.5,0
501,745,49,52,8,Positive,Favorable,No,0.0,0
482,332,7,31,5,Negative,Neutral,No,1.5,0
463,728,44,19,25,Negative,Neutral,No,1.5,0
690,407,14,41,2,Positive,Neutral,Yes,11.77,544711
449,703,18,20,9,Negative,Favorable,No,1.0,0
684,531,1,34,11,Positive,Neutral,Yes,12.42,624157
438,583,35,72,19,Positive,Unfavorable,No,0.5,0
605,557,42,46,18,Negative,Neutral,No,1.5,0
441,623,8,26,24,Positive,Unfavorable,Yes,12.21,971929
747,795,25,32,0,Negative,Neutral,Yes,12.31,717436
493,809,8,37,4,Positive,Favorable,Yes,6.97,449651
716,353,13,44,9,Positive,Neutral,Yes,14.94,1016184
650,743,10,42,15,Positive,Unfavorable,Yes,16.26,471969
591,583,28,38,23,Negative,Unfavorable,No,4.0,0
806,846,39,60,15,Positive,Neutral,No,0.0,0
357,447,28,67,30,Positive,Unfavorable,No,0.5,0
488,598,0,55,6,Positive,Unfavorable,No,0.5,0
800,704,15,62,20,Positive,Neutral,No,0.0,0
627,606,4,39,30,Negative,Favorable,Yes,14.15,736765
806,352,35,33,27,Positive,Unfavorable,No,0.5,0
761,656,34,33,10,Positive,Favorable,No,0.0,0
571,574,36,57,17,Positive,Unfavorable,No,0.5,0
568,781,43,68,15,Positive,Unfavorable,No,0.5,0
748,357,38,20,23,Negative,Favorable,No,1.0,0
346,758,30,38,18,Negative,Unfavorable,No,2.0,0
779,353,7,75,6,Negative,Unfavorable,No,2.0,0
788,369,1,18,14,Positive,Unfavorable,No,0.5,0
658,736,15,50,28,Negative,Neutral,Yes,18.29,471907
588,433,21,69,0,Positive,Neutral,No,0.0,0
549,525,46,18,28,Positive,Unfavorable,No,0.5,0
659,617,39,66,2,Positive,Favorable,No,0.0,0
838,744,42,55,16,Positive,Unfavorable,No,0.5,0
681,336,28,25,7,Negative,Neutral,Yes,13.13,519908
787,742,21,38,11,Positive,Neutral,Yes,9.67,436961
420,635,21,28,12,Negative,Favorable,Yes,15.91,672885
338,732,2,73,7,Positive,Neutral,No,0.0,0
751,795,28,21,12,Negative,Neutral,Yes,10.9,409830
498,557,4,22,22,Negative,Favorable,No,1.0,0
710,553,2,18,12,Negative,Favorable,No,1.0,0
475,362,43,73,11,Positive,Favorable,No,0.0,0
789,515,16,24,5,Negative,Unfavorable,Yes,13.43,723983
640,799,25,40,19,Negative,Unfavorable,Yes,12.57,497057
681,545,5,71,0,Positive,Unfavorable,No,0.5,0
500,618,38,46,25,Positive,Neutral,No,0.0,0
601,842,49,23,19,Positive,Favorable,No,0.0,0
714,566,19,36,23,Positive,Unfavorable,Yes,9.22,1038421
831,487,11,74,17,Negative,Neutral,No,1.5,0
