Credit_History,Risk_Rating,Age,Customer_Relationship_Years,Past_Transactions,Market_Trends,FD_Interest_Rate
425,27,41,21,Negative,Favorable,6.25
410,0,63,14,Negative,Neutral,6.5
483,7,32,2,Positive,Unfavorable,5.5
434,36,20,23,Negative,Favorable,5.0
706,9,81,30,Negative,Favorable,10.0
474,28,20,29,Positive,Neutral,6.75
455,12,42,27,Negative,Unfavorable,5.0
776,22,87,6,Positive,Neutral,9.0
729,26,36,2,Positive,Unfavorable,7.0
695,5,68,2,Negative,Unfavorable,6.5
308,4,89,7,Negative,Unfavorable,5.75
742,8,39,2,Negative,Favorable,7.75
601,15,20,23,Negative,Unfavorable,6.25
510,32,25,6,Negative,Unfavorable,2.75
553,17,59,7,Negative,Favorable,5.25
308,7,56,0,Positive,Unfavorable,5.5
496,24,39,18,Positive,Neutral,6.25
770,14,84,17,Positive,Neutral,9.5
588,4,41,9,Positive,Unfavorable,5.5
648,31,28,17,Negative,Unfavorable,4.5
599,5,25,16,Negative,Unfavorable,5.0
342,15,54,30,Positive,Unfavorable,6.0
618,20,64,9,Negative,Favorable,7.25
472,39,71,0,Negative,Unfavorable,3.5
666,23,47,30,Negative,Neutral,7.0
366,17,35,20,Positive,Neutral,6.75
438,4,57,25,Positive,Neutral,7.25
368,31,47,9,Negative,Neutral,3.5
594,35,38,22,Positive,Favorable,6.0
600,4,67,10,Negative,Neutral,7.75
382,15,21,16,Negative,Neutral,5.25
745,13,59,18,Positive,Neutral,8.25
712,39,54,15,Positive,Unfavorable,6.25
787,21,23,19,Positive,Favorable,8.75
601,14,55,9,Negative,Neutral,6.0
744,13,34,16,Positive,Neutral,8.25
482,5,22,30,Negative,Unfavorable,5.5
775,19,57,10,Positive,Neutral,8.25
587,20,26,4,Positive,Unfavorable,5.0
422,15,63,0,Negative,Unfavorable,4.75
702,3,59,17,Negative,Favorable,8.25
514,5,76,16,Negative,Unfavorable,5.75
653,7,84,13,Positive,Neutral,9.25
361,36,75,4,Positive,Favorable,5.75
506,23,85,7,Negative,Favorable,6.5
359,39,43,26,Positive,Unfavorable,4.75
327,29,74,15,Positive,Neutral,7.0
605,30,68,0,Negative,Favorable,7.25
681,1,32,7,Positive,Favorable,8.0
776,21,59,14,Negative,Unfavorable,6.5
760,28,28,16,Positive,Unfavorable,7.5
367,30,63,21,Negative,Unfavorable,5.75
531,6,40,8,Positive,Neutral,6.25
389,31,71,5,Positive,Unfavorable,4.5
373,29,52,1,Positive,Unfavorable,5.0
664,33,46,19,Negative,Neutral,5.25
384,21,77,10,Positive,Unfavorable,6.25
656,12,89,2,Positive,Unfavorable,7.5
577,8,65,29,Negative,Neutral,7.0
536,29,47,20,Positive,Neutral,6.75
333,19,30,1,Positive,Unfavorable,5.0
343,26,28,5,Positive,Favorable,6.25
760,9,44,3,Negative,Unfavorable,6.5
340,2,36,16,Positive,Favorable,7.25
357,40,26,25,Positive,Neutral,5.5
373,40,76,29,Negative,Unfavorable,4.5
477,6,66,15,Positive,Favorable,8.0
797,5,88,4,Positive,Favorable,10.0
359,9,23,22,Negative,Unfavorable,5.5
453,35,79,20,Negative,Unfavorable,4.5
788,17,25,20,Negative,Neutral,7.75
401,30,55,16,Negative,Neutral,5.25
757,24,76,18,Positive,Favorable,9.5
542,11,85,16,Positive,Unfavorable,6.75
479,29,42,22,Negative,Neutral,5.75
438,11,73,25,Positive,Unfavorable,6.75
736,28,23,21,Negative,Favorable,8.25
616,7,76,28,Negative,Unfavorable,7.5
786,25,89,14,Positive,Favorable,10.0
384,33,65,27,Negative,Neutral,5.25
603,7,54,29,Negative,Favorable,8.0
476,3,46,16,Negative,Neutral,5.75
483,0,38,2,Positive,Unfavorable,5.5
648,22,19,4,Positive,Favorable,7.5
466,1,87,15,Negative,Neutral,7.0
355,38,67,18,Positive,Unfavorable,5.0
333,30,40,20,Positive,Unfavorable,6.0
391,3,70,21,Positive,Unfavorable,7.25
663,3,32,21,Negative,Neutral,7.5
436,24,44,0,Positive,Unfavorable,5.0
651,11,58,11,Positive,Favorable,8.0
541,12,56,21,Positive,Favorable,7.25
488,22,63,25,Negative,Favorable,7.0
703,31,43,22,Negative,Neutral,6.5
772,34,65,16,Negative,Unfavorable,6.0
500,37,87,18,Negative,Neutral,5.25
608,3,85,8,Negative,Neutral,7.75
760,37,33,0,Positive,Favorable,7.0
452,34,89,2,Negative,Unfavorable,4.0
602,13,28,14,Positive,Favorable,8.0
359,3,27,3,Positive,Favorable,6.75
570,6,39,0,Negative,Neutral,5.25
672,17,63,19,Positive,Favorable,8.75
727,15,72,24,Negative,Unfavorable,7.75
660,6,44,5,Negative,Unfavorable,5.75
397,34,42,6,Positive,Neutral,4.5
653,24,72,11,Positive,Favorable,8.75
648,3,23,22,Positive,Favorable,9.0
759,5,36,14,Positive,Favorable,9.25
561,34,75,6,Negative,Neutral,4.25
449,12,88,15,Negative,Favorable,7.0
447,19,79,18,Negative,Unfavorable,5.25
412,3,45,22,Negative,Favorable,6.75
637,29,29,30,Positive,Favorable,8.5
605,38,84,1,Negative,Neutral,6.0
479,6,23,13,Negative,Favorable,6.25
334,17,44,29,Positive,Neutral,6.75
497,31,30,25,Negative,Favorable,5.0
646,30,45,1,Positive,Unfavorable,6.25
594,19,42,8,Negative,Neutral,4.75
497,5,74,29,Negative,Unfavorable,6.25
529,7,32,28,Negative,Unfavorable,5.5
775,22,67,0,Negative,Favorable,8.0
469,4,75,23,Negative,Unfavorable,6.25
622,16,90,11,Negative,Unfavorable,7.0
796,16,20,11,Negative,Unfavorable,6.5
796,22,54,5,Positive,Neutral,7.75
732,36,90,3,Positive,Unfavorable,7.0
582,30,48,6,Positive,Neutral,5.75
640,8,56,16,Positive,Unfavorable,7.25
667,38,45,4,Negative,Unfavorable,4.0
497,5,88,13,Positive,Neutral,8.0
695,32,33,27,Negative,Neutral,5.75
744,38,80,10,Positive,Favorable,8.75
355,5,61,17,Positive,Favorable,8.0
701,32,49,9,Positive,Neutral,6.5
355,25,63,3,Positive,Unfavorable,5.75
537,17,62,1,Negative,Unfavorable,4.75
669,9,90,21,Positive,Favorable,10.25
349,37,34,2,Negative,Favorable,4.0
323,34,21,7,Negative,Unfavorable,2.75
737,40,78,10,Positive,Neutral,7.75
536,15,45,10,Positive,Neutral,6.25
470,4,28,23,Negative,Favorable,6.75
697,6,44,1,Negative,Unfavorable,5.75
422,5,33,7,Positive,Neutral,6.25
570,11,75,14,Positive,Neutral,7.0
423,7,68,20,Negative,Neutral,7.0
669,1,58,21,Negative,Unfavorable,6.75
775,11,76,21,Negative,Unfavorable,7.75
431,12,62,28,Positive,Unfavorable,6.75
384,15,62,4,Positive,Unfavorable,5.75
659,0,49,23,Positive,Favorable,9.0
768,26,43,16,Positive,Neutral,8.25
419,4,72,12,Positive,Unfavorable,6.75
555,30,36,26,Positive,Unfavorable,6.0
325,33,31,21,Negative,Favorable,5.0
349,17,29,23,Negative,Unfavorable,5.0
681,17,47,23,Positive,Favorable,8.5
791,26,85,16,Negative,Neutral,8.5
581,13,21,5,Negative,Unfavorable,4.0
441,20,84,11,Positive,Unfavorable,6.75
572,23,70,22,Positive,Unfavorable,6.75
786,20,73,4,Positive,Neutral,8.5
747,3,64,20,Negative,Neutral,9.0
766,9,83,20,Negative,Unfavorable,8.75
591,36,71,2,Negative,Favorable,4.75
380,39,71,7,Positive,Neutral,5.25
794,31,31,20,Negative,Unfavorable,5.75
426,12,49,22,Negative,Neutral,5.75
453,33,72,26,Negative,Favorable,5.75
797,10,82,21,Negative,Unfavorable,8.75
616,26,76,22,Negative,Unfavorable,7.0
418,35,35,20,Positive,Neutral,5.5
403,16,43,10,Positive,Favorable,6.75
545,19,72,20,Negative,Neutral,6.5
392,27,74,24,Negative,Unfavorable,5.75
594,34,36,2,Negative,Unfavorable,2.75
679,18,49,8,Negative,Neutral,6.0
499,10,40,18,Negative,Neutral,5.75
455,20,48,25,Positive,Unfavorable,6.0
549,26,61,3,Positive,Neutral,6.5
350,33,71,4,Positive,Unfavorable,4.5
718,11,44,11,Positive,Unfavorable,7.5
416,30,39,1,Positive,Unfavorable,5.0
478,9,22,12,Positive,Unfavorable,6.0
675,12,63,10,Negative,Neutral,7.25
765,2,40,30,Negative,Unfavorable,7.5
747,36,57,24,Positive,Favorable,8.0
495,23,51,4,Positive,Favorable,6.25
616,29,50,28,Positive,Favorable,8.5
588,25,31,26,Positive,Neutral,6.75
547,29,87,30,Negative,Unfavorable,6.25
782,17,73,7,Negative,Unfavorable,6.75
368,36,47,24,Positive,Favorable,6.0
415,7,44,20,Positive,Neutral,7.25
754,16,49,16,Negative,Unfavorable,6.5
757,31,46,3,Positive,Unfavorable,5.75
760,2,29,28,Negative,Unfavorable,7.5
325,30,57,16,Negative,Unfavorable,4.5
740,27,31,22,Positive,Unfavorable,8.0
466,14,70,22,Positive,Neutral,7.5
674,28,23,14,Negative,Favorable,7.0
743,10,61,22,Negative,Favorable,9.5
301,36,59,18,Positive,Neutral,5.0
678,29,86,21,Negative,Favorable,8.75
415,30,76,28,Negative,Favorable,7.0
501,20,21,0,Negative,Neutral,4.75
431,0,69,26,Positive,Favorable,8.5
695,40,34,4,Positive,Unfavorable,5.0
389,19,23,14,Positive,Unfavorable,5.5
531,3,90,23,Negative,Unfavorable,6.75
594,23,83,20,Negative,Favorable,7.5
380,8,61,23,Negative,Favorable,7.5
744,6,84,10,Negative,Favorable,9.5
514,22,74,20,Positive,Unfavorable,6.75
527,37,32,6,Negative,Neutral,3.5
452,13,64,14,Negative,Favorable,6.5
756,22,60,10,Negative,Favorable,8.5
532,29,75,0,Negative,Neutral,5.5
445,11,47,3,Negative,Neutral,4.75
534,6,56,21,Negative,Unfavorable,5.5
426,22,19,25,Negative,Favorable,6.25
648,8,53,5,Positive,Favorable,8.0
430,12,34,4,Negative,Neutral,4.75
394,30,57,6,Negative,Unfavorable,4.0
526,39,44,18,Positive,Neutral,5.0
495,21,25,6,Negative,Neutral,4.75
781,24,35,2,Negative,Unfavorable,6.0
609,14,32,25,Positive,Neutral,8.0
300,36,80,8,Positive,Favorable,6.25
595,26,25,13,Negative,Favorable,5.75
791,21,36,14,Negative,Unfavorable,6.5
574,4,78,15,Negative,Favorable,7.0
550,28,58,12,Positive,Neutral,6.25
494,38,43,24,Negative,Unfavorable,3.75
465,22,29,0,Positive,Neutral,5.75
314,14,40,13,Negative,Neutral,5.25
483,17,69,26,Negative,Unfavorable,5.75
376,7,63,25,Negative,Neutral,7.0
457,30,75,12,Positive,Neutral,7.0
446,5,65,0,Negative,Favorable,6.5
554,1,64,0,Positive,Favorable,7.5
329,20,65,24,Positive,Neutral,7.5
543,38,63,11,Negative,Neutral,4.75
495,37,77,27,Negative,Unfavorable,4.5
636,1,55,6,Positive,Unfavorable,6.75
691,2,60,10,Negative,Favorable,8.25
589,32,82,27,Positive,Neutral,6.75
781,8,85,2,Positive,Neutral,9.5
585,1,89,9,Positive,Unfavorable,6.75
627,20,31,16,Negative,Favorable,7.0
706,22,75,29,Negative,Unfavorable,7.75
370,31,40,21,Negative,Neutral,4.5
738,1,34,13,Positive,Neutral,8.75
768,29,23,22,Negative,Unfavorable,7.0
574,27,90,21,Positive,Favorable,8.5
555,15,50,15,Negative,Neutral,5.25
733,28,43,25,Positive,Unfavorable,8.0
369,26,73,22,Negative,Favorable,7.0
690,25,20,13,Negative,Neutral,6.5
780,32,79,22,Positive,Favorable,8.75
498,29,83,15,Negative,Unfavorable,5.75
387,14,55,25,Negative,Unfavorable,5.0
404,27,81,2,Positive,Favorable,7.5
405,3,58,6,Positive,Neutral,6.25
667,29,89,23,Negative,Neutral,8.25
676,18,41,5,Negative,Unfavorable,5.25
749,22,36,1,Negative,Unfavorable,6.0
611,22,90,16,Positive,Favorable,9.25
791,22,18,22,Positive,Neutral,8.75
439,3,74,10,Positive,Neutral,7.5
629,24,60,24,Negative,Unfavorable,7.0
651,9,81,20,Positive,Unfavorable,9.0
424,35,74,30,Negative,Unfavorable,4.5
306,29,89,27,Positive,Unfavorable,7.25
353,1,82,14,Positive,Unfavorable,7.25
799,27,31,6,Positive,Unfavorable,7.0
610,37,88,22,Positive,Favorable,8.5
433,16,47,12,Positive,Unfavorable,5.5
598,35,52,13,Positive,Neutral,5.0
656,22,46,14,Positive,Neutral,7.5
699,12,68,30,Negative,Neutral,7.75
645,7,83,25,Negative,Favorable,9.25
326,12,52,12,Negative,Favorable,5.75
324,11,22,3,Negative,Neutral,4.75
755,2,44,15,Positive,Unfavorable,8.0
316,30,65,2,Negative,Favorable,6.0
493,4,80,19,Positive,Favorable,8.5
335,19,68,21,Negative,Favorable,7.0
399,24,61,21,Negative,Favorable,7.0
506,27,65,9,Negative,Favorable,6.0
511,20,73,12,Positive,Unfavorable,6.25
531,26,20,21,Negative,Neutral,5.75
411,19,19,11,Negative,Unfavorable,4.5
684,29,70,24,Negative,Favorable,8.25
301,11,41,26,Negative,Neutral,5.75
471,5,50,18,Negative,Neutral,5.75
443,4,42,15,Negative,Neutral,5.75
349,8,55,24,Positive,Unfavorable,6.5
672,24,35,30,Positive,Neutral,8.0
678,29,81,7,Positive,Unfavorable,7.5
647,24,89,1,Negative,Neutral,7.25
758,11,81,30,Positive,Unfavorable,9.25
443,1,73,9,Positive,Neutral,7.0
780,3,77,4,Negative,Neutral,8.0
500,5,78,8,Positive,Neutral,7.0
345,15,77,10,Negative,Neutral,6.0
371,28,72,5,Negative,Favorable,6.0
469,22,88,22,Positive,Favorable,8.5
771,5,84,22,Positive,Favorable,11.0
743,1,29,28,Negative,Neutral,8.25
461,8,81,10,Positive,Favorable,8.5
311,30,62,24,Positive,Neutral,7.5
376,39,27,8,Positive,Unfavorable,3.75
690,9,74,23,Positive,Unfavorable,8.5
643,14,32,12,Negative,Favorable,7.0
638,9,19,16,Negative,Favorable,7.5
644,6,40,21,Negative,Neutral,7.5
582,26,34,1,Negative,Neutral,4.75
448,16,73,27,Negative,Favorable,7.0
703,40,50,14,Negative,Favorable,6.5
320,29,57,1,Positive,Unfavorable,5.0
535,10,28,23,Positive,Neutral,7.25
418,26,59,12,Positive,Neutral,6.25
334,40,51,3,Positive,Unfavorable,3.75
782,4,64,20,Positive,Unfavorable,9.25
625,32,18,20,Positive,Neutral,6.75
304,0,32,29,Positive,Neutral,7.25
688,2,51,26,Positive,Unfavorable,7.75
417,0,41,28,Positive,Favorable,7.75
678,5,23,24,Positive,Neutral,8.5
534,22,52,25,Negative,Unfavorable,5.0
529,25,50,17,Negative,Favorable,5.75
373,14,77,3,Positive,Neutral,6.5
568,10,47,6,Positive,Favorable,6.75
696,20,48,5,Positive,Neutral,7.0
520,19,72,7,Positive,Unfavorable,5.75
380,7,81,7,Positive,Unfavorable,6.75
441,29,57,2,Positive,Neutral,5.75
357,14,23,14,Positive,Neutral,6.25
398,39,80,8,Negative,Unfavorable,4.0
514,14,50,8,Negative,Neutral,4.75
405,21,69,30,Negative,Unfavorable,5.75
420,21,36,12,Positive,Neutral,6.25
317,28,18,21,Negative,Favorable,6.25
400,10,66,20,Positive,Unfavorable,7.25
421,11,21,26,Negative,Favorable,6.25
534,32,66,23,Negative,Unfavorable,4.5
792,7,70,30,Negative,Favorable,9.5
625,39,39,28,Negative,Neutral,5.75
391,37,80,12,Negative,Neutral,5.25
701,21,32,27,Negative,Unfavorable,7.0
320,1,39,21,Negative,Favorable,6.75
554,40,74,23,Positive,Favorable,6.75
389,10,22,23,Positive,Unfavorable,6.5
493,37,57,4,Positive,Unfavorable,3.75
624,27,76,11,Positive,Favorable,8.75
506,30,86,23,Positive,Neutral,8.0
432,15,43,9,Positive,Neutral,5.75
580,7,68,17,Positive,Favorable,8.0
717,39,22,26,Negative,Favorable,7.0
371,10,48,29,Negative,Unfavorable,5.5
573,18,80,6,Positive,Favorable,7.5
774,13,74,25,Negative,Favorable,9.0
513,22,70,26,Positive,Favorable,8.0
486,12,89,2,Negative,Unfavorable,5.25
579,7,82,16,Positive,Unfavorable,7.25
722,40,71,18,Negative,Unfavorable,6.0
660,37,75,23,Negative,Neutral,6.5
643,13,37,29,Negative,Favorable,7.5
642,34,18,7,Positive,Neutral,5.75
555,15,26,26,Negative,Favorable,6.25
526,8,80,4,Negative,Unfavorable,5.75
543,34,53,17,Positive,Favorable,5.5
452,38,40,8,Positive,Neutral,4.5
446,11,26,23,Positive,Favorable,7.25
464,13,44,3,Negative,Favorable,5.25
547,30,84,0,Negative,Unfavorable,5.25
671,5,74,15,Negative,Favorable,8.25
574,27,33,5,Positive,Favorable,6.25
529,30,81,10,Negative,Neutral,6.5
723,17,68,7,Negative,Unfavorable,6.75
400,1,23,8,Positive,Favorable,6.75
727,39,53,27,Positive,Favorable,8.0
658,36,32,4,Negative,Favorable,5.25
580,19,63,0,Positive,Neutral,6.5
490,13,69,27,Negative,Favorable,7.0
663,33,75,24,Negative,Unfavorable,5.75
696,36,82,27,Negative,Neutral,7.0
505,20,35,23,Negative,Favorable,6.25
514,38,44,14,Negative,Favorable,4.5
362,32,82,2,Negative,Neutral,4.75
409,20,90,15,Positive,Unfavorable,6.75
317,13,43,11,Positive,Unfavorable,5.5
519,40,54,4,Negative,Neutral,3.5
669,7,19,21,Positive,Neutral,8.5
513,15,81,15,Positive,Favorable,8.0
536,4,70,21,Positive,Unfavorable,7.25
715,25,60,4,Positive,Favorable,9.0
686,10,36,21,Negative,Favorable,8.0
478,21,34,21,Positive,Neutral,6.75
524,21,30,12,Negative,Favorable,5.75
777,24,19,26,Negative,Neutral,7.75
381,0,43,23,Positive,Favorable,7.75
558,7,83,1,Positive,Unfavorable,6.75
507,1,78,25,Negative,Favorable,7.5
310,32,24,14,Positive,Unfavorable,4.25
530,34,77,4,Positive,Unfavorable,4.5
572,38,74,7,Negative,Unfavorable,3.5
307,22,20,9,Negative,Neutral,4.75
572,13,38,5,Negative,Neutral,4.75
704,24,86,6,Positive,Neutral,9.0
552,5,57,24,Positive,Neutral,7.25
783,18,39,3,Negative,Favorable,7.25
763,36,20,25,Positive,Unfavorable,6.75
635,8,79,18,Negative,Unfavorable,7.0
367,32,37,5,Positive,Unfavorable,3.75
315,27,74,26,Positive,Unfavorable,6.75
606,4,53,13,Positive,Unfavorable,7.25
771,40,72,26,Positive,Unfavorable,7.5
366,38,88,27,Positive,Neutral,6.75
462,32,53,6,Positive,Unfavorable,3.75
483,33,80,16,Negative,Favorable,5.75
330,23,77,10,Negative,Favorable,6.5
396,12,33,27,Negative,Neutral,5.75
378,35,48,27,Positive,Unfavorable,4.75
347,27,68,18,Positive,Neutral,7.0
747,6,19,29,Positive,Favorable,9.75
490,29,31,7,Positive,Unfavorable,5.0
709,19,45,1,Negative,Neutral,6.75
468,0,26,27,Negative,Favorable,6.75
640,22,53,9,Negative,Neutral,6.0
570,40,46,20,Negative,Favorable,5.0
368,28,73,24,Negative,Unfavorable,5.75
665,9,22,1,Positive,Neutral,7.5
415,19,29,16,Positive,Unfavorable,5.5
536,38,75,29,Negative,Neutral,5.25
401,19,76,5,Negative,Neutral,5.5
551,15,35,14,Positive,Neutral,6.25
557,1,41,30,Negative,Unfavorable,5.5
782,20,29,23,Positive,Neutral,8.75
649,12,76,15,Negative,Unfavorable,6.5
361,6,54,13,Negative,Unfavorable,5.0
616,5,59,15,Negative,Favorable,7.5
377,5,38,20,Positive,Favorable,7.75
419,21,41,20,Positive,Favorable,7.25
706,40,59,19,Negative,Favorable,6.5
681,5,64,9,Positive,Neutral,8.25
584,34,58,7,Negative,Unfavorable,2.75
737,37,49,2,Positive,Neutral,6.5
757,13,39,10,Negative,Unfavorable,6.5
541,34,61,28,Negative,Favorable,5.75
761,10,48,1,Positive,Neutral,8.25
583,13,57,1,Negative,Favorable,5.25
687,6,66,12,Negative,Neutral,7.75
305,8,47,1,Positive,Neutral,6.25
415,2,40,28,Positive,Favorable,7.75
644,29,59,15,Positive,Neutral,7.5
464,15,69,13,Positive,Neutral,7.0
471,9,20,2,Negative,Favorable,5.75
614,19,19,8,Positive,Favorable,7.5
543,14,76,2,Negative,Favorable,6.0
702,19,88,12,Positive,Favorable,10.0
735,30,37,2,Positive,Neutral,7.75
619,14,81,10,Negative,Unfavorable,7.0
686,7,60,1,Negative,Favorable,7.75
413,24,77,16,Positive,Favorable,7.5
741,20,36,29,Negative,Favorable,8.25
351,3,44,21,Positive,Unfavorable,6.5
459,38,62,5,Positive,Neutral,5.25
414,11,41,8,Positive,Neutral,5.75
504,37,69,5,Positive,Favorable,5.75
389,20,66,12,Positive,Neutral,7.0
430,21,73,4,Negative,Unfavorable,4.75
361,24,27,24,Positive,Unfavorable,6.0
363,13,45,28,Negative,Unfavorable,5.0
723,13,66,16,Negative,Unfavorable,7.25
379,3,38,22,Positive,Unfavorable,6.5
450,13,27,22,Positive,Neutral,6.75
785,7,47,25,Positive,Unfavorable,8.5
439,18,60,25,Positive,Neutral,7.5
760,40,79,15,Positive,Neutral,7.75
373,11,50,19,Negative,Neutral,5.25
614,0,79,17,Negative,Favorable,8.25
476,37,71,0,Positive,Unfavorable,4.5
730,16,81,2,Negative,Neutral,8.0
768,40,57,16,Positive,Neutral,7.0
464,19,47,11,Positive,Neutral,6.25
366,7,69,6,Positive,Neutral,7.0
783,3,65,15,Negative,Favorable,9.0
701,9,34,2,Positive,Favorable,8.75
306,34,69,28,Negative,Unfavorable,4.5
769,21,41,8,Negative,Favorable,7.25
450,5,26,15,Positive,Neutral,6.75
507,31,72,30,Positive,Unfavorable,5.5
690,11,21,10,Negative,Unfavorable,5.75
676,31,40,1,Positive,Neutral,5.75
555,22,83,11,Positive,Unfavorable,6.75
429,9,35,24,Positive,Neutral,7.25
315,33,22,5,Negative,Neutral,3.5
669,20,43,2,Positive,Favorable,7.5
428,25,26,0,Positive,Neutral,5.75
762,9,34,8,Positive,Unfavorable,7.5
647,5,41,14,Negative,Favorable,7.5
753,30,84,3,Negative,Unfavorable,7.25
477,39,81,6,Positive,Neutral,5.75
485,1,39,26,Negative,Neutral,6.25
556,32,57,24,Positive,Favorable,6.0
558,26,50,23,Positive,Neutral,6.75
644,17,43,24,Negative,Neutral,7.0
532,12,46,10,Positive,Favorable,6.75
410,18,89,6,Positive,Neutral,7.0
767,31,66,14,Negative,Neutral,6.75
558,20,25,26,Negative,Favorable,6.25
598,16,79,17,Negative,Unfavorable,5.25
709,31,45,10,Positive,Unfavorable,6.25
722,16,27,3,Positive,Favorable,8.25
722,3,23,28,Positive,Neutral,9.25
783,33,18,2,Negative,Favorable,6.0
776,40,18,26,Positive,Favorable,8.0
720,22,31,18,Positive,Favorable,8.75
719,38,31,8,Positive,Neutral,6.5
700,17,37,13,Positive,Favorable,8.0
336,15,45,22,Positive,Neutral,6.75
581,2,83,10,Negative,Unfavorable,6.25
684,30,87,5,Negative,Unfavorable,6.5
402,40,19,26,Negative,Unfavorable,3.75
441,14,66,1,Negative,Unfavorable,4.75
386,2,57,5,Positive,Neutral,6.25
343,6,34,19,Negative,Unfavorable,5.0
689,7,84,3,Positive,Neutral,8.75
440,11,27,27,Negative,Unfavorable,5.0
472,5,34,7,Positive,Favorable,6.75
418,36,52,27,Positive,Neutral,5.5
378,35,87,17,Negative,Favorable,5.75
649,0,56,20,Positive,Neutral,8.5
583,38,80,16,Positive,Favorable,6.75
767,1,59,23,Negative,Neutral,8.25
404,20,32,10,Positive,Neutral,6.25
719,38,77,15,Positive,Unfavorable,7.0
651,9,20,10,Negative,Neutral,7.0
308,4,50,5,Positive,Favorable,6.75
312,30,60,3,Negative,Unfavorable,4.75
667,33,26,22,Positive,Favorable,7.25
308,29,76,0,Negative,Favorable,6.0
697,14,58,1,Negative,Unfavorable,5.25
647,21,76,28,Negative,Unfavorable,7.0
635,18,47,6,Positive,Neutral,7.0
793,30,82,19,Negative,Neutral,8.5
369,39,62,28,Negative,Favorable,5.75
348,17,50,19,Negative,Favorable,5.75
319,7,82,7,Positive,Unfavorable,6.75
414,29,68,2,Positive,Unfavorable,5.75
631,3,19,15,Positive,Favorable,8.5
350,22,71,2,Positive,Favorable,7.0
346,33,49,9,Negative,Neutral,3.5
579,18,70,0,Positive,Unfavorable,5.75
484,8,42,16,Positive,Neutral,6.75
412,37,69,1,Negative,Favorable,4.75
319,2,24,19,Negative,Unfavorable,5.0
430,33,39,13,Negative,Unfavorable,3.25
667,16,34,13,Positive,Unfavorable,6.75
381,38,76,8,Negative,Neutral,4.25
321,23,18,6,Positive,Favorable,6.25
494,40,76,16,Positive,Neutral,5.75
359,35,68,5,Negative,Neutral,4.25
709,28,37,28,Negative,Neutral,7.75
391,12,31,7,Positive,Neutral,5.75
306,16,74,27,Positive,Unfavorable,6.75
602,28,76,27,Negative,Favorable,8.25
734,10,41,15,Negative,Unfavorable,7.0
797,14,18,0,Positive,Unfavorable,7.0
337,17,87,11,Positive,Neutral,7.5
641,24,50,23,Negative,Neutral,7.0
740,9,37,0,Positive,Unfavorable,7.5
513,18,37,12,Negative,Unfavorable,4.5
463,9,73,12,Negative,Favorable,7.0
769,21,47,27,Negative,Favorable,8.25
321,4,68,24,Positive,Unfavorable,7.25
596,9,83,2,Negative,Unfavorable,5.75
448,30,53,11,Positive,Favorable,6.75
411,38,78,1,Negative,Favorable,4.75
340,32,66,4,Negative,Unfavorable,3.5
481,40,72,2,Negative,Neutral,4.25
356,21,49,14,Positive,Unfavorable,5.5
460,6,26,28,Negative,Neutral,6.25
791,23,31,22,Positive,Unfavorable,8.0
686,31,32,16,Positive,Favorable,6.75
714,20,86,15,Positive,Favorable,10.0
442,11,54,20,Negative,Unfavorable,5.0
332,22,58,14,Positive,Favorable,6.75
422,13,45,4,Negative,Neutral,4.75
555,19,67,27,Positive,Favorable,8.0
722,25,85,2,Positive,Favorable,9.5
324,22,40,26,Positive,Unfavorable,6.0
541,14,21,14,Negative,Unfavorable,4.5
555,35,48,25,Positive,Neutral,5.5
606,11,50,14,Positive,Unfavorable,6.75
447,15,84,7,Positive,Neutral,7.0
730,29,21,24,Positive,Neutral,8.75
460,2,41,22,Positive,Neutral,7.25
522,28,34,1,Positive,Favorable,6.25
658,3,60,23,Positive,Favorable,9.75
497,20,40,16,Negative,Favorable,5.75
732,16,89,30,Negative,Neutral,9.0
660,35,75,24,Negative,Neutral,6.5
347,9,20,14,Positive,Favorable,7.25
594,15,63,12,Negative,Neutral,6.0
777,14,45,4,Positive,Neutral,7.75
468,25,26,1,Positive,Unfavorable,5.0
557,38,43,10,Positive,Unfavorable,4.25
520,31,22,28,Positive,Unfavorable,4.75
444,6,23,19,Positive,Unfavorable,6.0
454,15,72,14,Negative,Unfavorable,5.25
419,6,63,23,Negative,Unfavorable,6.25
672,23,61,11,Negative,Unfavorable,6.5
505,21,46,1,Positive,Neutral,5.75
633,21,89,0,Positive,Neutral,8.25
464,29,82,26,Negative,Unfavorable,6.25
676,27,60,5,Positive,Favorable,8.25
790,21,26,13,Negative,Unfavorable,6.5
442,20,42,8,Negative,Neutral,4.75
506,17,43,9,Positive,Neutral,5.75
501,29,74,22,Negative,Neutral,6.5
684,11,48,26,Negative,Unfavorable,6.25
557,12,47,23,Positive,Neutral,6.75
416,0,18,0,Positive,Favorable,6.75
609,30,60,11,Positive,Favorable,8.75
405,15,83,30,Negative,Favorable,7.5
402,38,76,8,Negative,Unfavorable,3.5
457,3,69,26,Positive,Favorable,8.5
417,13,20,3,Negative,Unfavorable,4.0
650,14,27,5,Negative,Favorable,6.5
769,13,76,17,Positive,Unfavorable,8.25
432,33,68,23,Negative,Unfavorable,4.5
528,38,75,0,Negative,Neutral,4.25
432,16,29,14,Positive,Neutral,6.25
420,20,20,26,Positive,Favorable,7.25
710,18,81,25,Negative,Neutral,9.0
368,9,87,25,Positive,Favorable,9.0
517,39,78,1,Negative,Favorable,4.75
430,2,51,10,Negative,Unfavorable,5.0
394,28,64,30,Positive,Unfavorable,6.75
680,16,79,23,Negative,Neutral,7.75
642,16,86,29,Positive,Unfavorable,8.5
654,39,28,10,Positive,Neutral,6.25
796,32,22,15,Negative,Unfavorable,5.25
519,29,81,0,Negative,Unfavorable,5.25
514,33,89,22,Negative,Unfavorable,5.0
368,36,35,5,Positive,Unfavorable,3.75
468,2,85,18,Positive,Unfavorable,7.25
558,11,34,8,Positive,Favorable,6.25
689,26,21,23,Negative,Neutral,7.0
682,35,19,15,Negative,Neutral,5.25
353,4,22,5,Negative,Favorable,5.75
593,18,20,26,Negative,Favorable,6.25
370,29,70,9,Negative,Unfavorable,4.75
621,19,35,13,Negative,Neutral,6.5
700,6,22,4,Positive,Favorable,8.0
349,38,90,10,Negative,Favorable,5.75
442,31,41,12,Positive,Favorable,5.5
516,17,35,12,Positive,Favorable,6.75
517,23,51,29,Positive,Neutral,6.75
729,25,55,22,Positive,Favorable,9.25
564,25,77,17,Positive,Unfavorable,6.25
731,22,29,2,Positive,Unfavorable,7.0
700,27,24,27,Positive,Unfavorable,7.25
409,21,26,14,Negative,Unfavorable,4.5
694,23,61,26,Negative,Neutral,7.75
800,39,74,30,Negative,Favorable,7.75
677,33,26,15,Positive,Neutral,6.25
597,10,71,13,Positive,Favorable,8.0
772,17,55,7,Positive,Neutral,7.75
358,21,59,9,Positive,Neutral,5.75
513,28,35,2,Negative,Favorable,5.25
408,4,74,8,Negative,Favorable,6.5
623,3,25,6,Positive,Neutral,7.5
763,38,48,16,Positive,Neutral,7.0
569,16,52,13,Negative,Neutral,5.25
357,29,63,4,Negative,Unfavorable,4.75
698,26,40,5,Positive,Neutral,7.0
576,2,37,21,Positive,Favorable,7.75
702,40,43,19,Negative,Favorable,6.5
507,27,84,6,Positive,Neutral,7.0
384,5,30,26,Negative,Neutral,6.25
795,24,77,12,Negative,Neutral,8.0
406,22,31,11,Positive,Unfavorable,5.5
651,6,90,26,Negative,Favorable,9.25
501,28,44,18,Negative,Unfavorable,4.5
697,12,30,23,Positive,Unfavorable,7.25
535,13,42,0,Negative,Favorable,5.25
675,36,34,5,Negative,Favorable,5.25
311,12,76,3,Positive,Neutral,6.5
528,35,44,15,Positive,Unfavorable,4.25
393,4,27,25,Negative,Favorable,6.75
738,14,81,2,Negative,Unfavorable,7.25
423,4,38,6,Negative,Unfavorable,4.5
392,17,69,22,Negative,Favorable,7.0
789,37,42,0,Negative,Unfavorable,4.75
322,26,61,16,Positive,Unfavorable,6.25
640,7,18,3,Positive,Favorable,8.0
769,6,66,20,Negative,Favorable,9.5
584,2,58,1,Positive,Neutral,6.25
482,8,41,25,Negative,Favorable,6.75
300,3,83,4,Positive,Favorable,8.0
364,20,82,11,Negative,Neutral,6.5
651,34,88,27,Positive,Neutral,8.0
458,32,33,29,Positive,Favorable,6.0
433,33,30,21,Negative,Unfavorable,3.75
551,2,84,23,Negative,Favorable,8.0
697,10,90,2,Negative,Neutral,7.75
631,22,58,15,Negative,Neutral,6.5
485,6,85,20,Positive,Neutral,8.5
710,4,71,3,Negative,Unfavorable,7.25
441,25,26,3,Negative,Neutral,4.75
668,35,74,26,Positive,Favorable,8.0
304,16,45,29,Positive,Favorable,7.25
706,39,35,10,Negative,Unfavorable,5.25
330,17,48,19,Positive,Neutral,6.25
380,17,20,4,Positive,Unfavorable,5.0
688,3,46,11,Negative,Favorable,7.5
680,23,47,30,Positive,Favorable,8.5
710,4,64,23,Negative,Neutral,9.0
448,21,56,17,Negative,Unfavorable,4.5
618,21,31,10,Positive,Favorable,8.0
423,13,42,21,Negative,Neutral,5.75
614,26,27,3,Positive,Neutral,7.0
411,21,54,13,Positive,Unfavorable,5.5
768,34,50,6,Positive,Neutral,6.5
356,1,74,23,Positive,Neutral,8.0
343,1,78,22,Positive,Favorable,8.5
405,15,46,0,Negative,Favorable,5.25
308,23,86,23,Positive,Unfavorable,7.25
345,29,90,30,Positive,Unfavorable,7.25
346,11,63,12,Positive,Neutral,7.0
687,37,62,18,Negative,Unfavorable,5.25
330,6,58,15,Negative,Neutral,5.75
636,34,74,18,Positive,Favorable,7.5
692,39,48,28,Positive,Favorable,7.25
306,11,44,22,Negative,Favorable,6.25
312,16,69,23,Positive,Neutral,7.5
468,35,53,30,Positive,Unfavorable,4.75
498,4,66,4,Negative,Favorable,6.5
733,11,57,25,Negative,Favorable,8.25
376,0,29,26,Positive,Favorable,7.75
589,3,53,13,Positive,Unfavorable,6.0
477,23,70,21,Positive,Unfavorable,6.75
334,33,42,22,Positive,Neutral,5.5
721,34,70,18,Positive,Favorable,8.25
674,26,61,28,Negative,Favorable,8.25
400,23,44,6,Positive,Unfavorable,5.0
310,25,36,29,Negative,Favorable,6.25
624,35,66,14,Positive,Neutral,7.0
711,37,65,6,Positive,Unfavorable,6.5
690,4,74,7,Negative,Neutral,7.25
688,23,58,28,Positive,Neutral,8.0
693,38,54,3,Negative,Unfavorable,4.0
799,4,62,12,Positive,Neutral,9.5
761,32,49,29,Positive,Neutral,7.5
554,22,21,20,Positive,Neutral,6.75
508,6,70,25,Negative,Unfavorable,6.25
651,18,66,29,Positive,Unfavorable,8.0
651,25,47,0,Negative,Neutral,6.0
421,26,35,27,Positive,Neutral,6.75
402,18,75,6,Negative,Unfavorable,4.75
650,0,59,11,Negative,Favorable,7.5
491,25,26,26,Negative,Unfavorable,5.0
454,39,75,26,Negative,Unfavorable,4.5
625,37,47,20,Positive,Favorable,7.25
355,2,18,10,Positive,Neutral,6.75
575,3,79,30,Positive,Neutral,8.0
726,24,73,15,Negative,Unfavorable,7.25
353,2,32,23,Positive,Favorable,7.75
784,0,59,13,Negative,Unfavorable,7.0
558,17,35,20,Positive,Neutral,6.75
584,6,28,3,Positive,Unfavorable,5.5
565,22,52,21,Positive,Favorable,7.25
308,19,81,23,Positive,Favorable,8.5
385,0,76,23,Negative,Neutral,7.0
302,22,31,20,Negative,Unfavorable,5.0
472,3,77,27,Negative,Favorable,7.5
417,24,23,12,Positive,Favorable,6.75
497,28,55,2,Negative,Unfavorable,4.0
799,10,22,18,Negative,Favorable,8.25
686,12,44,1,Negative,Unfavorable,5.25
583,10,53,4,Negative,Favorable,5.75
793,17,22,2,Negative,Neutral,6.75
773,22,76,7,Negative,Neutral,7.5
500,20,34,15,Negative,Unfavorable,4.5
462,12,33,27,Negative,Favorable,6.25
558,16,61,25,Positive,Neutral,7.5
453,37,65,10,Positive,Unfavorable,5.0
497,27,68,8,Negative,Favorable,6.0
506,35,66,6,Negative,Favorable,4.75
708,33,86,17,Positive,Favorable,8.75
455,22,21,14,Negative,Favorable,5.75
520,37,84,26,Negative,Favorable,6.25
699,29,37,7,Negative,Favorable,6.5
454,10,80,22,Negative,Favorable,8.0
557,29,27,29,Positive,Neutral,6.75
551,4,25,25,Positive,Favorable,7.75
330,36,75,11,Positive,Neutral,5.75
594,18,50,3,Negative,Favorable,5.25
315,27,69,30,Positive,Neutral,7.5
505,29,69,24,Positive,Neutral,7.5
333,10,42,2,Negative,Unfavorable,4.5
665,17,66,7,Negative,Favorable,7.25
612,14,70,17,Negative,Favorable,7.75
502,40,68,23,Negative,Neutral,5.25
792,39,61,16,Positive,Neutral,7.75
638,40,28,22,Negative,Unfavorable,5.0
458,19,31,18,Negative,Neutral,5.25
320,27,90,29,Negative,Favorable,7.5
471,1,31,15,Positive,Neutral,6.75
596,35,53,13,Negative,Unfavorable,3.25
430,35,35,25,Negative,Favorable,5.0
797,29,53,14,Positive,Favorable,8.75
597,33,37,9,Positive,Neutral,4.5
722,38,77,15,Negative,Favorable,7.25
751,2,55,2,Negative,Unfavorable,6.5
638,31,27,21,Negative,Unfavorable,5.0
696,30,37,2,Negative,Neutral,6.0
489,9,59,11,Positive,Unfavorable,6.0
484,13,24,3,Positive,Unfavorable,5.0
376,20,52,0,Positive,Unfavorable,5.0
403,3,74,25,Negative,Unfavorable,6.25
612,27,71,26,Negative,Favorable,8.25
363,0,75,22,Negative,Neutral,7.0
798,36,54,5,Positive,Favorable,7.0
632,16,56,25,Negative,Favorable,7.5
367,14,42,29,Negative,Neutral,5.75
503,31,55,10,Negative,Favorable,4.5
655,21,42,12,Positive,Favorable,8.0
432,3,58,26,Negative,Neutral,6.25
596,18,59,18,Negative,Unfavorable,4.5
540,0,59,30,Negative,Favorable,6.75
387,7,23,30,Positive,Unfavorable,6.5
449,10,88,0,Positive,Favorable,8.0
320,22,57,0,Positive,Unfavorable,5.0
483,21,67,4,Negative,Unfavorable,4.75
610,8,53,20,Negative,Favorable,8.0
315,23,22,4,Negative,Favorable,5.25
557,22,43,14,Negative,Neutral,5.25
363,2,83,27,Positive,Unfavorable,7.75
301,33,52,21,Negative,Unfavorable,3.75
437,7,76,23,Positive,Unfavorable,7.25
637,13,37,7,Negative,Neutral,6.0
303,19,30,1,Negative,Unfavorable,4.0
547,4,47,1,Positive,Unfavorable,5.5
631,13,77,27,Negative,Neutral,7.75
349,21,24,25,Negative,Favorable,6.25
476,7,63,23,Positive,Favorable,8.5
728,2,54,7,Positive,Favorable,8.75
620,19,32,26,Positive,Favorable,8.5
336,28,48,1,Positive,Neutral,5.75
637,6,31,4,Positive,Unfavorable,6.75
431,16,90,13,Positive,Unfavorable,6.75
797,21,49,1,Negative,Neutral,6.75
766,28,69,6,Positive,Favorable,9.0
570,8,39,1,Negative,Favorable,5.75
369,1,22,28,Positive,Unfavorable,6.5
586,1,83,10,Positive,Favorable,8.5
318,3,87,19,Negative,Unfavorable,6.25
478,28,50,8,Negative,Favorable,5.25
702,12,75,25,Negative,Favorable,9.0
454,4,28,13,Negative,Favorable,6.25
713,30,20,8,Positive,Neutral,7.75
461,12,36,27,Positive,Neutral,6.75
762,39,64,0,Positive,Favorable,7.75
629,20,85,2,Negative,Favorable,7.75
673,17,33,12,Negative,Neutral,6.5
719,16,65,7,Negative,Neutral,7.5
398,8,29,16,Negative,Favorable,6.25
677,40,32,25,Positive,Unfavorable,6.0
753,13,80,22,Positive,Favorable,10.5
526,16,25,11,Positive,Unfavorable,5.5
704,25,20,15,Positive,Favorable,8.75
479,5,22,29,Negative,Unfavorable,5.5
554,35,39,10,Negative,Neutral,4.0
736,1,32,12,Positive,Neutral,8.75
440,29,58,8,Negative,Neutral,4.75
595,17,46,12,Positive,Unfavorable,5.5
444,39,38,25,Negative,Neutral,4.5
656,37,46,4,Negative,Favorable,5.25
706,33,20,25,Negative,Neutral,6.5
312,16,66,30,Positive,Neutral,7.5
627,15,46,24,Negative,Neutral,7.0
442,1,32,5,Positive,Unfavorable,5.5
343,2,87,18,Positive,Unfavorable,7.25
494,10,21,15,Negative,Unfavorable,5.0
672,9,60,1,Negative,Neutral,7.25
329,37,68,23,Negative,Favorable,5.75
594,9,68,23,Negative,Unfavorable,6.25
752,40,79,14,Positive,Unfavorable,7.0
462,3,51,15,Positive,Neutral,6.75
359,38,61,13,Negative,Favorable,5.25
410,18,19,1,Negative,Favorable,5.25
358,33,81,12,Negative,Favorable,5.75
337,39,88,30,Positive,Favorable,7.25
618,23,22,27,Positive,Neutral,8.0
464,33,40,10,Positive,Favorable,5.5
409,5,74,29,Positive,Neutral,8.0
780,38,42,24,Negative,Favorable,7.0
441,32,27,27,Positive,Neutral,5.5
321,40,45,23,Negative,Unfavorable,3.75
775,40,76,29,Negative,Unfavorable,6.5
329,9,56,0,Positive,Unfavorable,5.5
326,29,87,13,Negative,Favorable,7.0
381,2,33,6,Negative,Favorable,5.75
312,34,61,28,Negative,Favorable,5.75
577,4,68,30,Positive,Neutral,8.0
713,38,79,25,Negative,Unfavorable,6.5
767,38,34,15,Positive,Unfavorable,6.25
599,19,45,0,Positive,Favorable,6.25
476,40,58,5,Positive,Favorable,5.0
728,5,90,21,Positive,Neutral,10.5
645,38,64,14,Negative,Favorable,6.5
663,34,47,26,Positive,Neutral,6.75
649,8,43,4,Positive,Unfavorable,6.75
552,15,35,27,Positive,Unfavorable,6.0
338,19,23,0,Positive,Favorable,6.25
618,12,50,14,Negative,Favorable,7.0
736,34,63,20,Negative,Unfavorable,6.5
359,17,24,23,Positive,Unfavorable,6.0
689,23,57,16,Positive,Favorable,8.0
432,2,43,10,Negative,Unfavorable,5.0
709,26,65,29,Positive,Neutral,9.5
453,2,38,24,Positive,Favorable,7.75
706,30,37,5,Positive,Neutral,7.75
788,22,86,30,Negative,Neutral,9.0
762,31,40,7,Negative,Favorable,6.0
589,5,28,23,Negative,Unfavorable,5.5
436,34,23,14,Negative,Favorable,4.5
363,32,25,15,Negative,Unfavorable,3.25
327,39,61,2,Positive,Favorable,5.75
711,35,73,10,Negative,Neutral,6.75
355,31,62,13,Negative,Unfavorable,4.0
504,36,56,28,Positive,Neutral,5.5
744,38,23,26,Positive,Neutral,7.5
461,4,84,21,Positive,Unfavorable,7.75
486,4,54,4,Positive,Favorable,6.75
407,40,36,4,Positive,Neutral,4.5
510,37,62,25,Negative,Unfavorable,4.5
527,10,89,24,Negative,Neutral,7.5
380,18,27,15,Negative,Unfavorable,4.5
411,37,58,17,Negative,Favorable,4.5
405,10,89,12,Positive,Favorable,8.5
649,1,24,12,Positive,Unfavorable,7.25
749,28,89,17,Positive,Favorable,10.0
483,40,85,27,Negative,Favorable,6.25
622,34,57,3,Negative,Favorable,5.25
689,32,59,5,Positive,Neutral,5.75
509,18,29,25,Negative,Favorable,6.25
324,27,81,10,Negative,Favorable,7.0
689,38,60,13,Negative,Favorable,6.5
731,38,25,2,Positive,Favorable,7.0
625,29,69,28,Negative,Favorable,8.25
582,14,54,7,Positive,Unfavorable,5.0
650,28,88,24,Positive,Neutral,9.25
362,4,61,5,Negative,Favorable,6.5
738,8,79,21,Positive,Favorable,10.5
354,10,65,23,Positive,Favorable,8.5
454,11,44,24,Positive,Unfavorable,6.0
325,39,45,7,Negative,Unfavorable,2.75
555,32,42,4,Positive,Favorable,5.0
326,40,30,27,Negative,Favorable,5.0
662,24,83,5,Positive,Neutral,8.25
547,5,77,0,Positive,Favorable,7.5
368,32,50,16,Negative,Favorable,4.5
415,2,27,27,Negative,Neutral,6.25
683,21,65,13,Negative,Favorable,7.75
751,15,70,0,Negative,Neutral,7.5
792,23,18,19,Negative,Unfavorable,6.5
700,34,23,0,Positive,Favorable,6.25
491,8,57,8,Positive,Favorable,6.75
503,15,88,22,Negative,Unfavorable,6.25
513,12,71,4,Negative,Neutral,5.5
486,37,48,20,Negative,Favorable,5.0
349,34,67,5,Positive,Unfavorable,4.5
547,1,29,2,Positive,Neutral,6.25
737,1,51,3,Negative,Favorable,7.75
580,7,22,21,Negative,Favorable,6.75
303,22,26,8,Positive,Unfavorable,5.0
332,35,71,12,Positive,Unfavorable,5.0
798,21,44,5,Positive,Neutral,7.75
310,23,46,0,Negative,Neutral,4.75
465,20,37,27,Positive,Favorable,7.25
795,29,73,10,Positive,Favorable,9.5
678,8,80,21,Positive,Favorable,10.25
775,15,21,23,Negative,Unfavorable,7.0
696,33,50,12,Positive,Favorable,6.75
319,30,46,0,Positive,Unfavorable,5.0
440,27,33,3,Positive,Unfavorable,5.0
663,12,90,25,Negative,Unfavorable,7.5
653,7,87,9,Negative,Favorable,8.25
406,34,79,15,Positive,Neutral,5.75
641,37,81,20,Positive,Favorable,8.5
371,8,87,25,Positive,Neutral,8.5
796,29,40,19,Positive,Favorable,8.75
